id,order_id,product_id,qty,unit_price_sar
1,1,62,1,128.85
2,1,58,2,177.62
3,1,77,1,99.69
4,1,182,3,640.15
5,2,100,2,40.59
6,2,63,1,68.8
7,3,24,1,147.7
8,3,138,1,50.78
9,3,186,2,129.79
10,4,19,1,197.16
11,5,123,2,95.55
12,5,54,2,757.88
13,6,49,1,130.23
14,6,190,3,89.07
15,7,102,3,210.79
16,7,62,2,128.85
17,8,79,3,218.75
18,8,67,2,129.77
19,8,93,2,35.84
20,9,195,2,376.32
21,9,82,2,101.03
22,9,53,1,50.72
23,9,95,3,116.16
24,10,67,3,129.77
25,11,76,1,638.35
26,11,40,2,133.93
27,11,51,3,124.33
28,11,85,1,71.06
29,12,66,3,142.85
30,12,196,3,79.63
31,12,126,3,114.59
32,13,44,3,178.91
33,13,36,2,68.55
34,13,185,1,147.42
35,14,135,1,331.84
36,15,196,1,79.63
37,16,18,1,152.47
38,16,182,1,640.15
39,17,159,3,124.59
40,18,169,3,152.6
41,18,125,3,96.97
42,18,5,2,74.99
43,18,2,1,34.67
44,19,5,3,74.99
45,19,129,2,163.32
46,19,179,1,157.51
47,20,62,3,128.85
48,20,50,3,61.88
49,21,102,2,210.79
50,21,21,2,277.89
51,21,96,3,212.22
52,22,77,1,99.69
53,22,176,3,161.87
54,23,104,2,272.67
55,24,180,1,74.94
56,25,145,1,130.3
57,25,25,1,171.72
58,25,136,1,628.46
59,26,70,2,60.1
60,26,12,3,109.5
61,26,20,3,147.14
62,26,176,3,161.87
63,27,54,3,757.88
64,28,20,1,147.14
65,28,77,3,99.69
66,28,42,2,242.45
67,28,145,3,130.3
68,29,177,1,87.79
69,29,186,3,129.79
70,30,26,2,89.99
71,31,155,3,105.75
72,31,197,2,190.16
73,31,158,2,183.19
74,32,59,2,33.15
75,32,92,1,195.0
76,32,142,3,142.7
77,32,97,3,98.19
78,33,64,1,162.0
79,33,183,2,248.86
80,33,19,1,197.16
81,34,190,2,89.07
82,34,100,2,40.59
83,35,93,1,35.84
84,35,195,1,376.32
85,35,70,1,60.1
86,35,27,2,136.29
87,36,27,3,136.29
88,36,7,1,253.2
89,36,23,3,220.16
90,36,91,3,104.41
91,37,75,2,33.0
92,38,147,1,168.55
93,38,134,3,231.92
94,39,69,1,145.36
95,39,127,1,387.78
96,39,38,2,75.0
97,40,93,2,35.84
98,41,153,1,118.08
99,41,158,1,183.19
100,41,51,2,124.33
101,41,118,1,156.07
102,42,85,3,71.06
103,42,113,3,205.42
104,42,86,1,117.44
105,42,111,2,587.78
106,43,123,1,95.55
107,43,81,2,479.7
108,44,148,2,248.26
109,44,63,2,68.8
110,44,84,2,211.71
111,44,97,1,98.19
112,45,175,3,135.72
113,45,197,1,190.16
114,46,113,3,205.42
115,46,75,1,33.0
116,47,173,2,92.55
117,47,128,1,136.05
118,47,36,2,68.55
119,47,163,3,610.97
120,48,115,3,260.83
121,49,140,3,163.39
122,49,10,3,305.44
123,49,93,3,35.84
124,49,180,1,74.94
125,50,43,1,34.18
126,50,166,3,141.9
127,50,157,3,143.59
128,51,28,1,248.26
129,51,3,3,141.66
130,51,26,3,89.99
131,51,67,3,129.77
132,52,115,2,260.83
133,52,96,2,212.22
134,53,89,2,52.78
135,53,7,1,253.2
136,54,187,1,71.54
137,55,134,2,231.92
138,55,124,2,607.56
139,56,82,3,101.03
140,56,18,1,152.47
141,56,77,1,99.69
142,56,12,2,109.5
143,57,133,3,141.96
144,57,45,1,140.76
145,58,104,1,272.67
146,58,162,1,130.45
147,59,189,3,330.5
148,60,100,1,40.59
149,60,2,2,34.67
150,60,181,3,106.35
151,60,55,1,203.53
152,61,94,1,135.72
153,61,84,2,211.71
154,62,153,2,118.08
155,62,100,3,40.59
156,62,157,1,143.59
157,63,173,2,92.55
158,63,181,3,106.35
159,64,31,1,153.77
160,64,62,1,128.85
161,64,79,2,218.75
162,65,153,2,118.08
163,65,36,1,68.55
164,65,148,2,248.26
165,65,99,3,201.6
166,66,143,2,834.92
167,66,43,2,34.18
168,67,92,1,195.0
169,68,105,3,72.34
170,68,176,2,161.87
171,68,126,2,114.59
172,68,107,1,248.5
173,69,9,3,185.88
174,69,71,2,243.88
175,69,58,1,177.62
176,70,141,1,193.34
177,70,131,2,145.42
178,70,29,3,25.86
179,70,147,2,168.55
180,71,195,3,376.32
181,72,189,3,330.5
182,73,68,1,46.35
183,73,90,1,89.85
184,73,23,1,220.16
185,73,113,3,205.42
186,74,43,1,34.18
187,74,158,1,183.19
188,74,36,3,68.55
189,74,53,2,50.72
190,75,83,2,118.1
191,75,181,2,106.35
192,76,35,2,472.96
193,77,180,1,74.94
194,77,34,1,170.17
195,78,126,2,114.59
196,78,37,3,159.82
197,78,148,2,248.26
198,78,162,2,130.45
199,79,132,2,162.1
200,79,192,2,143.27
201,79,72,2,170.41
202,79,178,2,850.94
203,80,188,2,95.15
204,81,137,2,169.18
205,82,127,2,387.78
206,82,69,2,145.36
207,83,88,1,87.24
208,83,175,1,135.72
209,83,196,3,79.63
210,83,13,2,37.54
211,84,117,3,164.2
212,84,1,1,133.65
213,84,110,3,148.94
214,84,52,2,52.03
215,85,24,2,147.7
216,85,168,1,32.5
217,85,93,2,35.84
218,86,14,3,144.79
219,86,102,2,210.79
220,87,168,1,32.5
221,87,24,1,147.7
222,87,181,2,106.35
223,87,25,1,171.72
224,88,3,2,141.66
225,88,179,3,157.51
226,88,88,1,87.24
227,88,31,2,153.77
228,89,27,2,136.29
229,90,98,1,108.52
230,90,199,3,215.73
231,91,157,3,143.59
232,92,161,1,110.81
233,92,192,2,143.27
234,93,26,1,89.99
235,94,90,1,89.85
236,94,110,2,148.94
237,94,81,3,479.7
238,94,36,1,68.55
239,95,200,3,155.32
240,95,177,2,87.79
241,95,7,1,253.2
242,96,76,2,638.35
243,96,166,2,141.9
244,96,14,1,144.79
245,96,62,1,128.85
246,97,93,2,35.84
247,98,94,2,135.72
248,98,140,1,163.39
249,98,175,1,135.72
250,98,45,3,140.76
251,99,16,2,144.95
252,100,109,3,133.4
253,100,180,3,74.94
254,100,103,3,90.01
255,100,22,3,250.06
256,101,131,1,145.42
257,102,101,3,294.62
258,102,151,3,277.4
259,102,163,3,610.97
260,103,15,1,66.6
261,103,63,2,68.8
262,104,80,3,490.16
263,105,4,3,125.3
264,106,89,2,52.78
265,106,134,1,231.92
266,106,133,2,141.96
267,106,185,1,147.42
268,107,198,1,57.03
269,108,135,3,331.84
270,108,17,3,128.52
271,108,68,3,46.35
272,109,15,1,66.6
273,109,128,2,136.05
274,109,146,1,156.95
275,110,59,3,33.15
276,111,12,2,109.5
277,111,121,2,179.7
278,112,58,3,177.62
279,112,83,2,118.1
280,112,64,2,162.0
281,112,107,1,248.5
282,113,46,1,429.01
283,114,18,2,152.47
284,114,120,2,679.33
285,114,73,1,50.54
286,114,199,3,215.73
287,115,145,3,130.3
288,115,78,1,631.43
289,115,190,2,89.07
290,116,188,1,95.15
291,116,140,1,163.39
292,117,60,3,94.78
293,118,86,1,117.44
294,119,27,1,136.29
295,119,53,2,50.72
296,119,136,2,628.46
297,120,24,3,147.7
298,120,12,2,109.5
299,120,60,3,94.78
300,121,149,1,162.28
301,122,152,3,160.56
302,123,75,2,33.0
303,123,67,2,129.77
304,124,82,1,101.03
305,124,116,1,579.43
306,124,70,1,60.1
307,125,40,1,133.93
308,126,31,1,153.77
309,126,138,2,50.78
310,126,92,2,195.0
311,126,198,2,57.03
312,127,41,3,252.13
313,128,56,2,162.61
314,129,102,3,210.79
315,129,132,2,162.1
316,129,13,2,37.54
317,130,104,2,272.67
318,131,119,1,134.74
319,132,16,1,144.95
320,133,176,1,161.87
321,133,162,3,130.45
322,133,166,3,141.9
323,134,6,1,306.58
324,135,33,1,124.43
325,135,24,2,147.7
326,135,85,1,71.06
327,135,32,1,208.93
328,136,128,2,136.05
329,136,8,1,211.41
330,136,98,2,108.52
331,136,175,1,135.72
332,137,39,3,56.35
333,137,9,1,185.88
334,137,158,3,183.19
335,137,159,2,124.59
336,138,16,1,144.95
337,138,23,2,220.16
338,138,72,1,170.41
339,138,99,3,201.6
340,139,98,3,108.52
341,140,145,2,130.3
342,140,129,2,163.32
343,140,83,1,118.1
344,141,200,2,155.32
345,142,136,1,628.46
346,142,92,1,195.0
347,142,197,1,190.16
348,142,150,1,62.74
349,143,196,1,79.63
350,144,91,3,104.41
351,144,45,2,140.76
352,144,46,3,429.01
353,144,61,3,30.52
354,145,181,3,106.35
355,146,145,2,130.3
356,146,49,3,130.23
357,147,15,1,66.6
358,148,1,1,133.65
359,148,85,2,71.06
360,148,158,3,183.19
361,148,52,1,52.03
362,149,16,3,144.95
363,149,6,3,306.58
364,149,38,1,75.0
365,150,19,3,197.16
366,150,96,2,212.22
367,150,181,3,106.35
368,151,41,2,252.13
369,151,188,3,95.15
370,152,182,3,640.15
371,152,144,3,142.07
372,153,97,3,98.19
373,153,79,3,218.75
374,154,180,3,74.94
375,155,47,3,222.95
376,156,164,1,48.38
377,156,145,2,130.3
378,157,89,1,52.78
379,157,82,3,101.03
380,158,115,1,260.83
381,158,3,1,141.66
382,158,68,3,46.35
383,159,13,2,37.54
384,160,127,2,387.78
385,160,97,1,98.19
386,160,90,2,89.85
387,160,140,3,163.39
388,161,116,1,579.43
389,161,19,2,197.16
390,162,88,1,87.24
391,163,141,1,193.34
392,164,181,1,106.35
393,164,8,3,211.41
394,164,111,2,587.78
395,164,168,1,32.5
396,165,105,3,72.34
397,165,179,3,157.51
398,166,77,1,99.69
399,166,61,2,30.52
400,166,25,3,171.72
401,167,14,1,144.79
402,167,93,2,35.84
403,168,52,1,52.03
404,168,25,3,171.72
405,168,7,2,253.2
406,168,53,1,50.72
407,169,102,3,210.79
408,169,121,2,179.7
409,169,126,1,114.59
410,170,98,2,108.52
411,170,95,1,116.16
412,170,48,2,87.44
413,171,145,3,130.3
414,171,16,3,144.95
415,171,39,1,56.35
416,172,194,1,182.4
417,172,151,2,277.4
418,172,59,3,33.15
419,172,142,2,142.7
420,173,122,1,97.06
421,173,77,2,99.69
422,174,129,3,163.32
423,175,31,2,153.77
424,175,194,1,182.4
425,176,50,1,61.88
426,176,33,2,124.43
427,177,52,2,52.03
428,177,161,2,110.81
429,177,38,3,75.0
430,177,153,1,118.08
431,178,71,1,243.88
432,178,134,3,231.92
433,178,118,3,156.07
434,179,107,1,248.5
435,180,28,3,248.26
436,181,106,3,169.02
437,181,68,2,46.35
438,181,99,3,201.6
439,182,104,3,272.67
440,182,37,3,159.82
441,182,159,3,124.59
442,183,13,2,37.54
443,183,191,2,59.16
444,184,80,3,490.16
445,184,72,3,170.41
446,184,126,1,114.59
447,185,77,2,99.69
448,185,191,2,59.16
449,186,49,2,130.23
450,187,190,2,89.07
451,187,125,1,96.97
452,187,195,3,376.32
453,187,133,1,141.96
454,188,35,1,472.96
455,188,200,1,155.32
456,188,135,1,331.84
457,188,146,1,156.95
458,189,13,2,37.54
459,189,93,2,35.84
460,189,181,2,106.35
461,189,51,3,124.33
462,190,62,2,128.85
463,191,151,1,277.4
464,191,142,2,142.7
465,191,90,3,89.85
466,191,89,3,52.78
467,192,42,3,242.45
468,193,166,3,141.9
469,193,58,1,177.62
470,194,200,3,155.32
471,195,154,1,536.46
472,195,3,2,141.66
473,196,183,2,248.86
474,196,182,2,640.15
475,196,165,2,461.88
476,197,120,3,679.33
477,197,78,3,631.43
478,198,2,3,34.67
479,199,144,3,142.07
480,199,166,2,141.9
481,199,153,2,118.08
482,200,71,2,243.88
483,200,164,2,48.38
484,200,84,3,211.71
485,201,49,1,130.23
486,201,39,1,56.35
487,201,133,3,141.96
488,202,185,3,147.42
489,202,7,2,253.2
490,203,100,3,40.59
491,203,189,3,330.5
492,203,10,1,305.44
493,203,150,2,62.74
494,204,172,1,218.21
495,204,92,3,195.0
496,204,130,3,93.57
497,204,77,1,99.69
498,205,186,1,129.79
499,205,144,3,142.07
500,205,196,2,79.63
501,206,191,2,59.16
502,206,79,2,218.75
503,207,31,3,153.77
504,207,121,3,179.7
505,207,14,3,144.79
506,207,163,1,610.97
507,208,175,2,135.72
508,209,36,2,68.55
509,209,52,2,52.03
510,210,37,1,159.82
511,210,81,2,479.7
512,210,184,2,159.18
513,210,47,3,222.95
514,211,116,2,579.43
515,212,126,1,114.59
516,212,196,1,79.63
517,213,110,1,148.94
518,213,123,3,95.55
519,213,99,1,201.6
520,213,2,3,34.67
521,214,194,1,182.4
522,214,136,3,628.46
523,214,49,1,130.23
524,215,80,2,490.16
525,215,34,3,170.17
526,215,27,3,136.29
527,216,75,3,33.0
528,216,117,3,164.2
529,216,187,3,71.54
530,217,88,2,87.24
531,217,126,1,114.59
532,218,5,1,74.99
533,218,59,1,33.15
534,218,58,3,177.62
535,218,187,1,71.54
536,219,183,2,248.86
537,219,167,3,544.13
538,219,10,2,305.44
539,220,170,1,46.33
540,221,177,1,87.79
541,222,122,1,97.06
542,222,180,3,74.94
543,222,40,3,133.93
544,223,170,3,46.33
545,224,108,3,530.49
546,224,27,3,136.29
547,225,128,1,136.05
548,226,92,2,195.0
549,226,181,2,106.35
550,227,177,2,87.79
551,227,124,1,607.56
552,228,147,3,168.55
553,229,186,3,129.79
554,230,117,2,164.2
555,230,76,2,638.35
556,231,75,2,33.0
557,232,25,1,171.72
558,233,85,2,71.06
559,233,92,3,195.0
560,234,96,2,212.22
561,235,70,2,60.1
562,235,99,3,201.6
563,235,177,1,87.79
564,235,123,1,95.55
565,236,27,3,136.29
566,236,107,2,248.5
567,237,157,2,143.59
568,237,98,3,108.52
569,238,124,1,607.56
570,238,125,2,96.97
571,239,4,3,125.3
572,239,181,3,106.35
573,239,174,3,110.23
574,240,133,3,141.96
575,240,134,3,231.92
576,240,177,1,87.79
577,241,89,2,52.78
578,241,170,1,46.33
579,241,174,3,110.23
580,241,165,3,461.88
581,242,127,2,387.78
582,242,43,2,34.18
583,242,20,1,147.14
584,242,193,2,90.47
585,243,141,2,193.34
586,243,165,2,461.88
587,244,147,2,168.55
588,244,115,2,260.83
589,244,23,1,220.16
590,244,128,2,136.05
591,245,106,1,169.02
592,245,10,1,305.44
593,245,143,3,834.92
594,245,141,3,193.34
595,246,168,2,32.5
596,246,172,2,218.21
597,247,117,3,164.2
598,247,85,3,71.06
599,248,184,1,159.18
600,248,116,3,579.43
601,248,30,1,417.73
602,249,141,3,193.34
603,249,134,1,231.92
604,249,96,1,212.22
605,250,28,1,248.26
606,250,66,1,142.85
607,250,157,2,143.59
608,250,51,1,124.33
609,251,184,1,159.18
610,251,87,2,64.83
611,252,198,2,57.03
612,253,128,3,136.05
613,253,2,3,34.67
614,254,131,3,145.42
615,254,200,1,155.32
616,254,46,3,429.01
617,254,178,1,850.94
618,255,130,3,93.57
619,255,99,3,201.6
620,255,108,1,530.49
621,256,116,2,579.43
622,256,35,3,472.96
623,256,36,3,68.55
624,257,183,3,248.86
625,257,189,1,330.5
626,257,142,1,142.7
627,258,173,3,92.55
628,258,34,1,170.17
629,258,182,3,640.15
630,259,195,2,376.32
631,260,173,2,92.55
632,260,192,1,143.27
633,260,137,3,169.18
634,260,74,1,154.8
635,261,52,2,52.03
636,262,38,2,75.0
637,262,16,1,144.95
638,262,177,3,87.79
639,263,158,3,183.19
640,264,61,3,30.52
641,264,131,3,145.42
642,264,179,1,157.51
643,264,74,2,154.8
644,265,142,3,142.7
645,265,14,2,144.79
646,265,4,1,125.3
647,266,58,3,177.62
648,266,163,2,610.97
649,266,181,3,106.35
650,266,182,3,640.15
651,267,76,1,638.35
652,267,115,3,260.83
653,268,97,1,98.19
654,269,42,2,242.45
655,269,150,1,62.74
656,270,40,2,133.93
657,271,126,2,114.59
658,271,147,1,168.55
659,271,141,3,193.34
660,272,130,1,93.57
661,273,90,1,89.85
662,274,93,3,35.84
663,274,76,3,638.35
664,274,56,2,162.61
665,275,30,3,417.73
666,276,11,2,37.79
667,276,175,2,135.72
668,277,66,1,142.85
669,277,139,3,124.46
670,277,186,2,129.79
671,277,73,3,50.54
672,278,76,3,638.35
673,279,43,3,34.18
674,280,172,1,218.21
675,280,162,3,130.45
676,281,138,3,50.78
677,281,180,2,74.94
678,282,192,3,143.27
679,283,10,1,305.44
680,283,23,1,220.16
681,283,19,2,197.16
682,284,105,3,72.34
683,284,100,2,40.59
684,284,116,2,579.43
685,285,137,1,169.18
686,286,180,1,74.94
687,287,75,3,33.0
688,288,98,2,108.52
689,288,102,1,210.79
690,288,170,3,46.33
691,288,8,1,211.41
692,289,163,3,610.97
693,289,37,3,159.82
694,289,77,3,99.69
695,290,142,3,142.7
696,291,138,1,50.78
697,291,141,3,193.34
698,291,22,3,250.06
699,291,79,3,218.75
700,292,42,1,242.45
701,292,48,3,87.44
702,293,172,1,218.21
703,293,146,3,156.95
704,294,172,1,218.21
705,294,18,1,152.47
706,294,65,3,246.25
707,295,33,1,124.43
708,295,172,1,218.21
709,295,168,2,32.5
710,296,125,3,96.97
711,296,116,3,579.43
712,296,85,2,71.06
713,297,81,1,479.7
714,297,110,2,148.94
715,297,44,1,178.91
716,298,71,3,243.88
717,298,93,2,35.84
718,298,35,2,472.96
719,298,174,2,110.23
720,299,142,3,142.7
721,299,28,1,248.26
722,299,45,2,140.76
723,299,166,1,141.9
724,300,187,1,71.54
725,301,149,3,162.28
726,302,142,2,142.7
727,303,168,2,32.5
728,303,199,1,215.73
729,303,39,3,56.35
730,303,94,3,135.72
731,304,102,2,210.79
732,305,194,1,182.4
733,305,132,2,162.1
734,306,189,2,330.5
735,306,188,2,95.15
736,307,17,2,128.52
737,307,68,1,46.35
738,308,100,1,40.59
739,308,121,1,179.7
740,308,117,3,164.2
741,309,190,3,89.07
742,309,68,3,46.35
743,309,149,1,162.28
744,310,133,2,141.96
745,311,133,2,141.96
746,311,104,2,272.67
747,312,129,1,163.32
748,313,55,1,203.53
749,313,39,2,56.35
750,313,48,3,87.44
751,314,107,3,248.5
752,314,85,1,71.06
753,315,152,3,160.56
754,315,42,2,242.45
755,316,35,3,472.96
756,316,162,1,130.45
757,317,67,3,129.77
758,317,47,2,222.95
759,318,185,3,147.42
760,319,56,2,162.61
761,320,44,1,178.91
762,320,57,3,125.24
763,320,106,1,169.02
764,320,154,3,536.46
765,321,117,1,164.2
766,321,153,1,118.08
767,321,152,2,160.56
768,322,134,3,231.92
769,322,130,2,93.57
770,323,122,3,97.06
771,323,158,1,183.19
772,324,24,2,147.7
773,325,199,3,215.73
774,326,12,2,109.5
775,326,179,1,157.51
776,326,136,2,628.46
777,327,109,1,133.4
778,328,73,3,50.54
779,329,2,3,34.67
780,329,182,1,640.15
781,330,97,3,98.19
782,331,93,3,35.84
783,331,28,3,248.26
784,331,40,2,133.93
785,331,110,2,148.94
786,332,157,2,143.59
787,332,71,1,243.88
788,332,175,2,135.72
789,333,95,3,116.16
790,333,144,2,142.07
791,334,199,3,215.73
792,334,181,1,106.35
793,334,102,3,210.79
794,335,26,3,89.99
795,335,55,2,203.53
796,336,42,2,242.45
797,337,121,2,179.7
798,337,154,1,536.46
799,338,156,1,142.3
800,339,183,1,248.86
801,339,153,3,118.08
802,339,15,2,66.6
803,340,50,3,61.88
804,340,9,3,185.88
805,340,154,3,536.46
806,341,93,1,35.84
807,342,71,2,243.88
808,343,133,3,141.96
809,343,4,3,125.3
810,344,186,2,129.79
811,344,144,2,142.07
812,344,150,2,62.74
813,345,104,1,272.67
814,345,148,2,248.26
815,345,2,3,34.67
816,345,67,1,129.77
817,346,30,3,417.73
818,346,132,3,162.1
819,346,66,2,142.85
820,347,198,2,57.03
821,347,63,3,68.8
822,347,194,2,182.4
823,347,87,3,64.83
824,348,18,1,152.47
825,348,98,3,108.52
826,348,163,3,610.97
827,349,91,3,104.41
828,349,133,2,141.96
829,349,138,1,50.78
830,349,3,2,141.66
831,350,20,2,147.14
832,350,142,2,142.7
833,350,46,2,429.01
834,351,47,1,222.95
835,351,192,2,143.27
836,351,175,3,135.72
837,352,53,1,50.72
838,352,59,3,33.15
839,352,52,2,52.03
840,353,174,3,110.23
841,354,124,2,607.56
842,355,126,3,114.59
843,355,47,2,222.95
844,355,196,2,79.63
845,356,135,2,331.84
846,357,129,2,163.32
847,358,118,3,156.07
848,358,31,3,153.77
849,359,173,1,92.55
850,360,157,3,143.59
851,360,67,2,129.77
852,360,48,1,87.44
853,361,94,2,135.72
854,361,48,1,87.44
855,361,128,2,136.05
856,362,72,1,170.41
857,362,116,3,579.43
858,362,47,3,222.95
859,362,147,1,168.55
860,363,143,2,834.92
861,363,111,1,587.78
862,364,122,1,97.06
863,364,3,2,141.66
864,365,125,3,96.97
865,365,77,3,99.69
866,365,65,1,246.25
867,366,56,2,162.61
868,367,116,3,579.43
869,368,89,1,52.78
870,368,6,2,306.58
871,368,106,3,169.02
872,369,200,2,155.32
873,369,73,2,50.54
874,370,21,2,277.89
875,370,98,3,108.52
876,370,158,1,183.19
877,370,74,1,154.8
878,371,108,3,530.49
879,371,162,2,130.45
880,371,157,1,143.59
881,372,82,3,101.03
882,372,168,2,32.5
883,372,75,3,33.0
884,373,192,2,143.27
885,373,151,2,277.4
886,373,134,1,231.92
887,374,187,3,71.54
888,374,61,2,30.52
889,375,54,1,757.88
890,376,141,2,193.34
891,376,14,3,144.79
892,376,7,1,253.2
893,376,198,1,57.03
894,377,80,2,490.16
895,377,59,2,33.15
896,377,64,3,162.0
897,377,189,1,330.5
898,378,9,3,185.88
899,379,122,2,97.06
900,379,120,3,679.33
901,379,139,2,124.46
902,380,152,2,160.56
903,380,153,3,118.08
904,381,135,2,331.84
905,381,164,2,48.38
906,381,137,3,169.18
907,381,80,1,490.16
908,382,106,2,169.02
909,382,67,1,129.77
910,382,40,1,133.93
911,383,89,2,52.78
912,383,74,3,154.8
913,384,77,2,99.69
914,384,3,3,141.66
915,384,197,1,190.16
916,384,111,1,587.78
917,385,102,3,210.79
918,385,64,3,162.0
919,385,42,2,242.45
920,385,184,2,159.18
921,386,133,3,141.96
922,386,196,3,79.63
923,387,106,1,169.02
924,387,49,1,130.23
925,387,18,2,152.47
926,388,70,1,60.1
927,388,180,2,74.94
928,388,160,1,650.84
929,388,126,1,114.59
930,389,48,1,87.44
931,390,187,1,71.54
932,390,3,1,141.66
933,390,60,2,94.78
934,390,24,1,147.7
935,391,119,2,134.74
936,391,179,1,157.51
937,391,9,1,185.88
938,392,140,2,163.39
939,393,4,1,125.3
940,393,32,2,208.93
941,393,197,2,190.16
942,393,183,1,248.86
943,394,118,1,156.07
944,394,189,3,330.5
945,395,100,1,40.59
946,395,175,3,135.72
947,395,80,3,490.16
948,395,83,1,118.1
949,396,65,2,246.25
950,397,171,1,128.85
951,398,84,3,211.71
952,398,4,1,125.3
953,398,43,2,34.18
954,398,71,1,243.88
955,399,177,1,87.79
956,399,153,1,118.08
957,399,40,1,133.93
958,399,96,2,212.22
959,400,16,2,144.95
960,401,33,2,124.43
961,402,113,1,205.42
962,402,188,3,95.15
963,402,50,2,61.88
964,403,125,3,96.97
965,404,49,2,130.23
966,404,146,2,156.95
967,404,48,3,87.44
968,404,140,2,163.39
969,405,18,1,152.47
970,405,136,2,628.46
971,406,117,3,164.2
972,406,1,3,133.65
973,406,199,2,215.73
974,407,199,2,215.73
975,407,159,3,124.59
976,407,62,1,128.85
977,408,49,3,130.23
978,408,135,1,331.84
979,408,175,3,135.72
980,408,128,2,136.05
981,409,25,3,171.72
982,410,9,1,185.88
983,410,52,2,52.03
984,411,169,3,152.6
985,411,126,3,114.59
986,411,135,2,331.84
987,411,160,1,650.84
988,412,4,1,125.3
989,413,164,3,48.38
990,413,16,2,144.95
991,413,93,2,35.84
992,413,143,3,834.92
993,414,136,1,628.46
994,414,11,2,37.79
995,414,188,1,95.15
996,415,26,3,89.99
997,416,135,1,331.84
998,416,169,3,152.6
999,417,192,3,143.27
1000,417,28,2,248.26
1001,417,197,3,190.16
1002,417,164,2,48.38
1003,418,47,2,222.95
1004,418,141,3,193.34
1005,419,91,2,104.41
1006,419,81,2,479.7
1007,419,141,3,193.34
1008,419,84,2,211.71
1009,420,145,1,130.3
1010,420,140,2,163.39
1011,421,93,2,35.84
1012,421,116,1,579.43
1013,421,115,3,260.83
1014,422,133,1,141.96
1015,423,55,1,203.53
1016,423,81,3,479.7
1017,424,25,2,171.72
1018,424,10,2,305.44
1019,425,60,2,94.78
1020,425,66,1,142.85
1021,426,186,2,129.79
1022,427,153,3,118.08
1023,428,21,2,277.89
1024,428,200,2,155.32
1025,428,15,2,66.6
1026,428,198,2,57.03
1027,429,192,3,143.27
1028,429,168,1,32.5
1029,430,79,3,218.75
1030,431,84,3,211.71
1031,431,129,1,163.32
1032,432,115,3,260.83
1033,432,193,1,90.47
1034,432,153,1,118.08
1035,432,148,2,248.26
1036,433,87,2,64.83
1037,433,22,3,250.06
1038,434,22,2,250.06
1039,434,103,3,90.01
1040,434,129,1,163.32
1041,435,125,3,96.97
1042,435,102,3,210.79
1043,436,63,2,68.8
1044,436,19,2,197.16
1045,437,29,3,25.86
1046,438,83,3,118.1
1047,438,89,3,52.78
1048,439,158,1,183.19
1049,439,114,2,103.88
1050,439,160,1,650.84
1051,440,176,1,161.87
1052,440,96,3,212.22
1053,441,63,3,68.8
1054,442,88,3,87.24
1055,443,6,3,306.58
1056,443,85,1,71.06
1057,443,54,1,757.88
1058,443,190,3,89.07
1059,444,160,3,650.84
1060,444,187,3,71.54
1061,444,37,1,159.82
1062,444,178,2,850.94
1063,445,66,1,142.85
1064,446,14,1,144.79
1065,446,120,1,679.33
1066,446,168,2,32.5
1067,447,28,3,248.26
1068,447,5,2,74.99
1069,447,75,1,33.0
1070,448,81,2,479.7
1071,449,51,2,124.33
1072,449,129,3,163.32
1073,450,136,2,628.46
1074,450,79,2,218.75
1075,451,176,2,161.87
1076,451,91,1,104.41
1077,451,161,3,110.81
1078,452,100,2,40.59
1079,452,8,1,211.41
1080,452,143,1,834.92
1081,453,23,2,220.16
1082,453,187,3,71.54
1083,454,107,3,248.5
1084,454,62,1,128.85
1085,455,115,1,260.83
1086,455,139,3,124.46
1087,455,34,1,170.17
1088,456,80,3,490.16
1089,456,177,3,87.79
1090,457,82,3,101.03
1091,457,18,3,152.47
1092,458,38,2,75.0
1093,458,187,2,71.54
1094,458,8,2,211.41
1095,459,39,1,56.35
1096,459,200,1,155.32
1097,459,49,1,130.23
1098,460,156,1,142.3
1099,460,146,3,156.95
1100,460,157,1,143.59
1101,461,177,2,87.79
1102,462,183,2,248.86
1103,462,167,2,544.13
1104,462,96,2,212.22
1105,462,48,1,87.44
1106,463,196,1,79.63
1107,463,4,3,125.3
1108,463,70,3,60.1
1109,463,106,1,169.02
1110,464,158,2,183.19
1111,464,126,1,114.59
1112,464,177,2,87.79
1113,464,84,2,211.71
1114,465,185,3,147.42
1115,465,81,3,479.7
1116,465,101,3,294.62
1117,465,157,3,143.59
1118,466,134,1,231.92
1119,467,133,2,141.96
1120,467,138,3,50.78
1121,468,49,2,130.23
1122,469,119,2,134.74
1123,469,43,3,34.18
1124,469,109,1,133.4
1125,470,166,3,141.9
1126,470,116,1,579.43
1127,470,24,1,147.7
1128,470,185,3,147.42
1129,471,101,2,294.62
1130,471,106,2,169.02
1131,472,117,2,164.2
1132,472,24,2,147.7
1133,473,184,1,159.18
1134,473,188,1,95.15
1135,474,22,2,250.06
1136,474,135,3,331.84
1137,474,182,3,640.15
1138,475,141,1,193.34
1139,475,98,2,108.52
1140,475,12,3,109.5
1141,475,197,3,190.16
1142,476,197,1,190.16
1143,476,183,2,248.86
1144,477,161,1,110.81
1145,477,47,1,222.95
1146,477,31,1,153.77
1147,478,128,2,136.05
1148,478,140,1,163.39
1149,478,2,1,34.67
1150,478,156,3,142.3
1151,479,21,3,277.89
1152,479,154,2,536.46
1153,479,2,3,34.67
1154,479,63,3,68.8
1155,480,13,1,37.54
1156,480,48,1,87.44
1157,481,171,3,128.85
1158,482,13,1,37.54
1159,483,173,3,92.55
1160,483,73,3,50.54
1161,484,117,3,164.2
1162,484,192,2,143.27
1163,485,95,2,116.16
1164,485,98,3,108.52
1165,485,18,1,152.47
1166,486,85,3,71.06
1167,486,135,1,331.84
1168,486,106,3,169.02
1169,487,124,3,607.56
1170,488,110,2,148.94
1171,488,156,3,142.3
1172,488,82,3,101.03
1173,489,134,2,231.92
1174,489,187,1,71.54
1175,489,162,3,130.45
1176,489,128,1,136.05
1177,490,31,1,153.77
1178,491,158,2,183.19
1179,491,107,1,248.5
1180,492,3,1,141.66
1181,492,164,3,48.38
1182,493,77,2,99.69
1183,493,130,1,93.57
1184,493,141,1,193.34
1185,494,45,1,140.76
1186,495,122,2,97.06
1187,495,10,1,305.44
1188,495,166,3,141.9
1189,495,35,2,472.96
1190,496,119,1,134.74
1191,496,106,3,169.02
1192,496,191,2,59.16
1193,497,54,3,757.88
1194,498,39,2,56.35
1195,499,147,2,168.55
1196,499,156,1,142.3
1197,500,182,2,640.15
1198,500,9,1,185.88
1199,500,70,2,60.1
1200,501,56,1,162.61
1201,501,135,1,331.84
1202,501,78,2,631.43
1203,502,114,3,103.88
1204,503,49,2,130.23
1205,503,88,3,87.24
1206,504,197,3,190.16
1207,504,26,3,89.99
1208,505,100,1,40.59
1209,505,183,2,248.86
1210,505,134,1,231.92
1211,505,30,3,417.73
1212,506,120,3,679.33
1213,506,12,3,109.5
1214,506,27,3,136.29
1215,507,83,1,118.1
1216,507,52,2,52.03
1217,508,70,1,60.1
1218,509,53,3,50.72
1219,510,181,3,106.35
1220,510,73,1,50.54
1221,511,139,1,124.46
1222,511,114,1,103.88
1223,511,13,2,37.54
1224,512,14,1,144.79
1225,512,23,3,220.16
1226,512,110,3,148.94
1227,512,101,3,294.62
1228,513,158,1,183.19
1229,513,92,3,195.0
1230,513,80,3,490.16
1231,513,86,3,117.44
1232,514,146,2,156.95
1233,514,34,1,170.17
1234,514,24,2,147.7
1235,514,179,2,157.51
1236,515,60,2,94.78
1237,515,58,2,177.62
1238,515,37,2,159.82
1239,515,158,1,183.19
1240,516,84,1,211.71
1241,516,117,1,164.2
1242,516,125,2,96.97
1243,517,73,2,50.54
1244,517,197,3,190.16
1245,518,183,3,248.86
1246,518,28,1,248.26
1247,518,84,2,211.71
1248,518,143,3,834.92
1249,519,159,3,124.59
1250,519,63,1,68.8
1251,520,54,2,757.88
1252,520,178,2,850.94
1253,520,152,3,160.56
1254,521,45,3,140.76
1255,521,170,1,46.33
1256,522,30,2,417.73
1257,522,152,3,160.56
1258,522,153,1,118.08
1259,522,119,2,134.74
1260,523,154,1,536.46
1261,524,84,1,211.71
1262,524,127,1,387.78
1263,524,166,1,141.9
1264,524,170,1,46.33
1265,525,194,1,182.4
1266,526,100,2,40.59
1267,526,158,1,183.19
1268,526,148,1,248.26
1269,527,146,2,156.95
1270,527,174,3,110.23
1271,527,78,2,631.43
1272,528,33,3,124.43
1273,528,76,1,638.35
1274,528,16,1,144.95
1275,528,95,3,116.16
1276,529,29,1,25.86
1277,529,73,2,50.54
1278,529,8,3,211.41
1279,530,104,1,272.67
1280,530,98,3,108.52
1281,530,112,1,597.68
1282,530,140,2,163.39
1283,531,107,3,248.5
1284,531,40,1,133.93
1285,531,74,1,154.8
1286,532,185,3,147.42
1287,532,125,2,96.97
1288,533,36,3,68.55
1289,534,160,2,650.84
1290,534,47,3,222.95
1291,534,117,2,164.2
1292,534,131,2,145.42
1293,535,148,2,248.26
1294,536,106,2,169.02
1295,536,140,1,163.39
1296,536,148,1,248.26
1297,537,149,2,162.28
1298,538,120,3,679.33
1299,538,133,3,141.96
1300,538,21,1,277.89
1301,539,176,3,161.87
1302,540,88,3,87.24
1303,541,147,2,168.55
1304,541,188,2,95.15
1305,541,85,2,71.06
1306,541,108,1,530.49
1307,542,187,1,71.54
1308,542,145,3,130.3
1309,542,67,2,129.77
1310,543,189,2,330.5
1311,543,160,2,650.84
1312,543,7,1,253.2
1313,544,34,2,170.17
1314,544,158,2,183.19
1315,544,72,1,170.41
1316,545,169,2,152.6
1317,545,115,1,260.83
1318,546,47,1,222.95
1319,546,136,1,628.46
1320,546,9,3,185.88
1321,546,88,1,87.24
1322,547,61,3,30.52
1323,547,170,1,46.33
1324,547,113,1,205.42
1325,547,186,3,129.79
1326,548,165,2,461.88
1327,549,43,2,34.18
1328,550,98,3,108.52
1329,550,175,2,135.72
1330,551,4,3,125.3
1331,551,74,2,154.8
1332,551,115,3,260.83
1333,551,98,3,108.52
1334,552,111,2,587.78
1335,552,157,2,143.59
1336,552,167,2,544.13
1337,553,168,2,32.5
1338,553,150,3,62.74
1339,553,101,3,294.62
1340,554,134,3,231.92
1341,554,87,3,64.83
1342,555,18,1,152.47
1343,556,90,2,89.85
1344,556,57,1,125.24
1345,556,186,1,129.79
1346,556,73,1,50.54
1347,557,154,1,536.46
1348,557,164,3,48.38
1349,558,97,3,98.19
1350,558,169,3,152.6
1351,559,179,1,157.51
1352,560,164,2,48.38
1353,561,178,2,850.94
1354,561,171,1,128.85
1355,561,198,1,57.03
1356,561,83,2,118.1
1357,562,16,1,144.95
1358,562,67,2,129.77
1359,562,68,1,46.35
1360,563,157,1,143.59
1361,563,101,3,294.62
1362,564,56,2,162.61
1363,564,158,3,183.19
1364,564,165,2,461.88
1365,564,28,1,248.26
1366,565,199,2,215.73
1367,565,115,1,260.83
1368,565,5,3,74.99
1369,566,69,2,145.36
1370,566,39,3,56.35
1371,566,180,1,74.94
1372,566,85,3,71.06
1373,567,123,1,95.55
1374,567,112,3,597.68
1375,567,104,1,272.67
1376,567,187,1,71.54
1377,568,32,2,208.93
1378,568,146,3,156.95
1379,568,138,2,50.78
1380,568,92,2,195.0
1381,569,94,3,135.72
1382,570,118,2,156.07
1383,571,99,3,201.6
1384,572,162,3,130.45
1385,573,189,1,330.5
1386,573,49,1,130.23
1387,573,36,3,68.55
1388,573,10,3,305.44
1389,574,128,1,136.05
1390,574,137,1,169.18
1391,574,116,2,579.43
1392,575,104,1,272.67
1393,576,174,3,110.23
1394,576,138,1,50.78
1395,576,39,1,56.35
1396,576,190,1,89.07
1397,577,121,3,179.7
1398,578,4,3,125.3
1399,578,45,1,140.76
1400,579,157,1,143.59
1401,579,44,1,178.91
1402,579,152,2,160.56
1403,579,17,3,128.52
1404,580,110,3,148.94
1405,580,87,3,64.83
1406,581,83,1,118.1
1407,581,55,3,203.53
1408,582,37,1,159.82
1409,582,194,3,182.4
1410,582,107,2,248.5
1411,583,35,1,472.96
1412,584,200,1,155.32
1413,584,41,1,252.13
1414,584,5,1,74.99
1415,584,125,1,96.97
1416,585,107,2,248.5
1417,585,178,3,850.94
1418,585,198,1,57.03
1419,586,106,3,169.02
1420,586,62,1,128.85
1421,586,45,3,140.76
1422,586,157,1,143.59
1423,587,90,3,89.85
1424,587,108,1,530.49
1425,587,2,1,34.67
1426,588,159,2,124.59
1427,589,119,3,134.74
1428,589,198,3,57.03
1429,590,39,3,56.35
1430,591,128,1,136.05
1431,591,46,1,429.01
1432,591,41,3,252.13
1433,591,172,2,218.21
1434,592,158,1,183.19
1435,592,195,1,376.32
1436,592,117,3,164.2
1437,593,41,2,252.13
1438,593,8,3,211.41
1439,594,152,1,160.56
1440,594,149,3,162.28
1441,594,84,3,211.71
1442,594,108,2,530.49
1443,595,26,3,89.99
1444,595,61,2,30.52
1445,596,121,3,179.7
1446,597,56,2,162.61
1447,597,157,1,143.59
1448,598,162,2,130.45
1449,598,92,1,195.0
1450,599,72,1,170.41
1451,600,108,1,530.49
1452,600,44,2,178.91
1453,600,195,3,376.32
1454,600,88,1,87.24
1455,601,148,1,248.26
1456,601,142,1,142.7
1457,602,56,2,162.61
1458,602,152,1,160.56
1459,602,122,3,97.06
1460,602,119,2,134.74
1461,603,84,3,211.71
1462,603,112,1,597.68
1463,604,147,2,168.55
1464,604,2,1,34.67
1465,605,109,3,133.4
1466,606,116,2,579.43
1467,607,56,1,162.61
1468,607,34,3,170.17
1469,607,92,1,195.0
1470,607,76,1,638.35
1471,608,147,2,168.55
1472,608,192,2,143.27
1473,608,150,1,62.74
1474,608,7,3,253.2
1475,609,181,1,106.35
1476,609,163,2,610.97
1477,609,1,3,133.65
1478,609,161,2,110.81
1479,610,179,3,157.51
1480,610,157,1,143.59
1481,610,139,3,124.46
1482,611,132,3,162.1
1483,612,99,2,201.6
1484,613,45,3,140.76
1485,613,166,1,141.9
1486,613,144,3,142.07
1487,614,62,3,128.85
1488,614,139,2,124.46
1489,614,30,3,417.73
1490,615,193,1,90.47
1491,615,191,2,59.16
1492,616,71,2,243.88
1493,616,14,2,144.79
1494,616,17,2,128.52
1495,616,96,3,212.22
1496,617,182,2,640.15
1497,617,137,3,169.18
1498,617,174,2,110.23
1499,617,75,3,33.0
1500,618,118,1,156.07
1501,618,23,2,220.16
1502,619,43,2,34.18
1503,620,53,3,50.72
1504,620,134,1,231.92
1505,621,122,2,97.06
1506,621,89,2,52.78
1507,622,17,1,128.52
1508,622,6,3,306.58
1509,623,168,2,32.5
1510,623,166,3,141.9
1511,623,84,3,211.71
1512,624,118,2,156.07
1513,624,78,1,631.43
1514,624,146,2,156.95
1515,624,34,1,170.17
1516,625,38,2,75.0
1517,626,183,2,248.86
1518,626,138,1,50.78
1519,627,42,1,242.45
1520,627,61,1,30.52
1521,628,95,3,116.16
1522,628,48,3,87.44
1523,628,53,1,50.72
1524,629,96,3,212.22
1525,629,115,1,260.83
1526,630,128,2,136.05
1527,630,197,1,190.16
1528,630,38,1,75.0
1529,630,118,3,156.07
1530,631,166,2,141.9
1531,631,181,2,106.35
1532,631,76,3,638.35
1533,632,87,2,64.83
1534,632,177,1,87.79
1535,632,29,1,25.86
1536,632,188,3,95.15
1537,633,159,1,124.59
1538,633,57,2,125.24
1539,633,115,1,260.83
1540,633,92,3,195.0
1541,634,197,1,190.16
1542,634,72,1,170.41
1543,635,132,2,162.1
1544,636,171,2,128.85
1545,637,99,2,201.6
1546,637,96,2,212.22
1547,637,4,2,125.3
1548,638,56,3,162.61
1549,639,74,3,154.8
1550,639,42,2,242.45
1551,639,187,1,71.54
1552,639,109,3,133.4
1553,640,122,1,97.06
1554,640,135,3,331.84
1555,640,86,2,117.44
1556,641,107,2,248.5
1557,641,45,3,140.76
1558,641,143,3,834.92
1559,642,48,2,87.44
1560,642,98,3,108.52
1561,643,127,2,387.78
1562,643,144,1,142.07
1563,643,190,1,89.07
1564,644,164,1,48.38
1565,644,163,3,610.97
1566,644,121,3,179.7
1567,645,177,1,87.79
1568,645,166,2,141.9
1569,645,63,2,68.8
1570,645,8,1,211.41
1571,646,145,3,130.3
1572,646,112,2,597.68
1573,646,67,3,129.77
1574,646,161,1,110.81
1575,647,67,1,129.77
1576,648,178,1,850.94
1577,648,35,2,472.96
1578,648,92,2,195.0
1579,648,42,2,242.45
1580,649,13,3,37.54
1581,649,75,1,33.0
1582,649,136,3,628.46
1583,650,154,1,536.46
1584,651,70,3,60.1
1585,651,176,2,161.87
1586,651,179,1,157.51
1587,652,36,3,68.55
1588,653,88,1,87.24
1589,653,42,3,242.45
1590,653,27,1,136.29
1591,653,56,1,162.61
1592,654,107,2,248.5
1593,655,123,2,95.55
1594,656,153,1,118.08
1595,656,134,3,231.92
1596,656,196,2,79.63
1597,656,88,1,87.24
1598,657,33,1,124.43
1599,657,178,3,850.94
1600,658,21,3,277.89
1601,658,109,1,133.4
1602,659,11,3,37.79
1603,659,51,3,124.33
1604,659,28,3,248.26
1605,659,9,1,185.88
1606,660,17,2,128.52
1607,661,155,1,105.75
1608,662,172,1,218.21
1609,662,90,1,89.85
1610,663,149,1,162.28
1611,663,90,3,89.85
1612,663,91,3,104.41
1613,664,26,3,89.99
1614,665,73,3,50.54
1615,665,44,1,178.91
1616,666,94,2,135.72
1617,666,179,3,157.51
1618,666,151,1,277.4
1619,666,48,1,87.44
1620,667,55,1,203.53
1621,667,132,2,162.1
1622,667,59,1,33.15
1623,667,105,2,72.34
1624,668,181,3,106.35
1625,668,74,1,154.8
1626,668,143,1,834.92
1627,669,117,2,164.2
1628,669,154,3,536.46
1629,669,189,2,330.5
1630,670,49,2,130.23
1631,670,18,1,152.47
1632,670,122,1,97.06
1633,670,174,3,110.23
1634,671,134,1,231.92
1635,671,169,1,152.6
1636,671,174,2,110.23
1637,671,22,2,250.06
1638,672,17,1,128.52
1639,672,94,2,135.72
1640,673,60,2,94.78
1641,674,194,2,182.4
1642,674,165,2,461.88
1643,674,103,3,90.01
1644,675,131,2,145.42
1645,675,72,1,170.41
1646,675,38,1,75.0
1647,675,197,2,190.16
1648,676,8,3,211.41
1649,676,26,1,89.99
1650,677,46,2,429.01
1651,678,160,1,650.84
1652,678,25,3,171.72
1653,678,195,3,376.32
1654,679,76,2,638.35
1655,679,170,2,46.33
1656,680,196,1,79.63
1657,681,99,2,201.6
1658,682,118,3,156.07
1659,682,10,3,305.44
1660,682,9,2,185.88
1661,682,46,3,429.01
1662,683,184,1,159.18
1663,683,100,3,40.59
1664,683,125,3,96.97
1665,684,122,1,97.06
1666,684,144,2,142.07
1667,684,41,2,252.13
1668,684,130,2,93.57
1669,685,197,1,190.16
1670,685,73,1,50.54
1671,685,83,3,118.1
1672,686,190,3,89.07
1673,686,150,2,62.74
1674,686,7,2,253.2
1675,687,90,1,89.85
1676,687,15,1,66.6
1677,687,170,3,46.33
1678,687,63,2,68.8
1679,688,79,1,218.75
1680,689,10,2,305.44
1681,689,118,3,156.07
1682,689,169,3,152.6
1683,690,151,3,277.4
1684,690,6,2,306.58
1685,690,82,2,101.03
1686,690,97,3,98.19
1687,691,177,3,87.79
1688,692,43,2,34.18
1689,692,158,2,183.19
1690,692,77,1,99.69
1691,693,74,1,154.8
1692,693,68,2,46.35
1693,694,184,3,159.18
1694,695,146,3,156.95
1695,696,167,2,544.13
1696,697,170,2,46.33
1697,697,139,2,124.46
1698,697,81,2,479.7
1699,697,52,3,52.03
1700,698,5,3,74.99
1701,698,161,3,110.81
1702,699,170,2,46.33
1703,699,191,2,59.16
1704,700,145,3,130.3
1705,700,187,1,71.54
1706,700,161,2,110.81
1707,700,16,2,144.95
1708,701,112,1,597.68
1709,701,106,3,169.02
1710,701,82,1,101.03
1711,702,66,3,142.85
1712,702,176,1,161.87
1713,703,8,2,211.41
1714,703,63,2,68.8
1715,704,166,2,141.9
1716,704,10,1,305.44
1717,704,52,1,52.03
1718,704,41,2,252.13
1719,705,165,3,461.88
1720,705,11,2,37.79
1721,706,155,2,105.75
1722,706,77,2,99.69
1723,706,17,3,128.52
1724,707,186,3,129.79
1725,707,36,3,68.55
1726,707,61,3,30.52
1727,707,29,1,25.86
1728,708,128,3,136.05
1729,708,24,1,147.7
1730,708,61,2,30.52
1731,709,192,1,143.27
1732,709,191,1,59.16
1733,709,61,1,30.52
1734,709,109,1,133.4
1735,710,105,2,72.34
1736,710,66,3,142.85
1737,710,151,2,277.4
1738,710,15,3,66.6
1739,711,122,1,97.06
1740,711,175,2,135.72
1741,711,64,2,162.0
1742,711,72,3,170.41
1743,712,166,3,141.9
1744,713,177,3,87.79
1745,714,164,3,48.38
1746,714,180,1,74.94
1747,714,93,3,35.84
1748,715,3,1,141.66
1749,715,101,1,294.62
1750,715,66,2,142.85
1751,715,78,1,631.43
1752,716,162,2,130.45
1753,716,82,1,101.03
1754,716,197,2,190.16
1755,716,165,1,461.88
1756,717,189,2,330.5
1757,717,106,1,169.02
1758,717,86,1,117.44
1759,717,184,3,159.18
1760,718,155,2,105.75
1761,718,187,2,71.54
1762,718,141,3,193.34
1763,718,189,1,330.5
1764,719,162,3,130.45
1765,719,114,1,103.88
1766,720,81,1,479.7
1767,720,148,1,248.26
1768,720,22,1,250.06
1769,721,153,2,118.08
1770,721,176,2,161.87
1771,722,67,3,129.77
1772,722,45,3,140.76
1773,723,22,2,250.06
1774,723,107,1,248.5
1775,724,6,3,306.58
1776,724,143,3,834.92
1777,725,51,1,124.33
1778,725,68,2,46.35
1779,725,180,3,74.94
1780,725,44,2,178.91
1781,726,44,1,178.91
1782,726,146,3,156.95
1783,726,31,3,153.77
1784,727,31,1,153.77
1785,727,58,2,177.62
1786,727,183,2,248.86
1787,727,53,3,50.72
1788,728,154,2,536.46
1789,728,56,3,162.61
1790,729,38,1,75.0
1791,729,8,3,211.41
1792,729,75,2,33.0
1793,729,68,1,46.35
1794,730,22,2,250.06
1795,730,3,3,141.66
1796,730,121,2,179.7
1797,730,35,3,472.96
1798,731,189,1,330.5
1799,731,153,3,118.08
1800,731,66,1,142.85
1801,731,19,1,197.16
1802,732,91,3,104.41
1803,732,156,3,142.3
1804,732,172,1,218.21
1805,732,154,1,536.46
1806,733,102,1,210.79
1807,733,172,3,218.21
1808,733,95,1,116.16
1809,734,87,2,64.83
1810,734,120,3,679.33
1811,734,34,3,170.17
1812,734,23,2,220.16
1813,735,33,2,124.43
1814,736,192,2,143.27
1815,736,93,2,35.84
1816,736,111,3,587.78
1817,737,112,3,597.68
1818,737,43,2,34.18
1819,737,81,1,479.7
1820,738,14,1,144.79
1821,738,49,1,130.23
1822,738,39,2,56.35
1823,738,59,2,33.15
1824,739,127,1,387.78
1825,740,118,1,156.07
1826,740,127,1,387.78
1827,740,29,2,25.86
1828,740,185,1,147.42
1829,741,44,3,178.91
1830,741,192,2,143.27
1831,742,150,3,62.74
1832,742,2,3,34.67
1833,743,197,3,190.16
1834,743,128,1,136.05
1835,744,101,2,294.62
1836,745,83,1,118.1
1837,746,117,3,164.2
1838,746,161,1,110.81
1839,746,69,2,145.36
1840,746,153,1,118.08
1841,747,188,1,95.15
1842,747,146,1,156.95
1843,747,34,3,170.17
1844,748,141,3,193.34
1845,749,62,2,128.85
1846,749,198,1,57.03
1847,750,100,2,40.59
1848,750,200,2,155.32
1849,751,31,2,153.77
1850,751,77,2,99.69
1851,752,176,2,161.87
1852,752,155,3,105.75
1853,752,34,1,170.17
1854,753,115,3,260.83
1855,753,100,3,40.59
1856,753,122,2,97.06
1857,753,69,1,145.36
1858,754,112,2,597.68
1859,754,162,1,130.45
1860,755,166,3,141.9
1861,755,176,1,161.87
1862,756,75,2,33.0
1863,757,39,2,56.35
1864,757,33,1,124.43
1865,757,176,3,161.87
1866,758,12,3,109.5
1867,759,119,3,134.74
1868,760,66,3,142.85
1869,760,150,1,62.74
1870,760,21,1,277.89
1871,761,101,1,294.62
1872,761,12,2,109.5
1873,762,194,2,182.4
1874,762,172,2,218.21
1875,762,116,1,579.43
1876,762,160,1,650.84
1877,763,173,3,92.55
1878,763,28,1,248.26
1879,763,112,1,597.68
1880,764,118,3,156.07
1881,764,178,3,850.94
1882,764,104,3,272.67
1883,764,169,2,152.6
1884,765,177,2,87.79
1885,765,173,1,92.55
1886,765,102,1,210.79
1887,766,179,1,157.51
1888,767,167,2,544.13
1889,767,62,3,128.85
1890,768,78,2,631.43
1891,769,43,1,34.18
1892,770,6,1,306.58
1893,770,116,2,579.43
1894,770,150,3,62.74
1895,770,63,2,68.8
1896,771,107,3,248.5
1897,771,127,3,387.78
1898,771,189,3,330.5
1899,771,149,2,162.28
1900,772,60,1,94.78
1901,772,183,2,248.86
1902,772,16,3,144.95
1903,772,136,2,628.46
1904,773,122,3,97.06
1905,773,30,2,417.73
1906,773,127,2,387.78
1907,773,160,3,650.84
1908,774,121,2,179.7
1909,774,89,1,52.78
1910,775,155,2,105.75
1911,775,184,1,159.18
1912,775,169,2,152.6
1913,776,121,1,179.7
1914,776,42,2,242.45
1915,776,160,3,650.84
1916,777,45,1,140.76
1917,777,52,3,52.03
1918,778,78,1,631.43
1919,778,61,1,30.52
1920,778,54,2,757.88
1921,778,143,2,834.92
1922,779,17,2,128.52
1923,780,144,1,142.07
1924,781,197,3,190.16
1925,781,12,2,109.5
1926,781,198,1,57.03
1927,782,181,1,106.35
1928,783,194,3,182.4
1929,783,29,1,25.86
1930,783,28,3,248.26
1931,783,157,1,143.59
1932,784,53,2,50.72
1933,785,196,1,79.63
1934,785,130,1,93.57
1935,785,128,3,136.05
1936,785,188,2,95.15
1937,786,52,2,52.03
1938,787,122,2,97.06
1939,787,88,3,87.24
1940,788,93,1,35.84
1941,788,162,3,130.45
1942,788,171,2,128.85
1943,788,63,1,68.8
1944,789,105,2,72.34
1945,789,118,1,156.07
1946,789,133,2,141.96
1947,789,175,1,135.72
1948,790,22,2,250.06
1949,791,16,3,144.95
1950,791,101,3,294.62
1951,791,195,1,376.32
1952,791,10,3,305.44
1953,792,108,3,530.49
1954,792,103,3,90.01
1955,792,175,2,135.72
1956,793,72,3,170.41
1957,794,115,3,260.83
1958,794,165,3,461.88
1959,794,53,3,50.72
1960,794,140,2,163.39
1961,795,199,1,215.73
1962,795,51,3,124.33
1963,795,78,2,631.43
1964,795,22,2,250.06
1965,796,55,3,203.53
1966,796,24,2,147.7
1967,796,131,3,145.42
1968,797,8,3,211.41
1969,798,130,2,93.57
1970,798,29,2,25.86
1971,798,188,3,95.15
1972,798,16,3,144.95
1973,799,115,2,260.83
1974,800,61,3,30.52
1975,800,191,3,59.16
1976,800,149,3,162.28
1977,801,90,2,89.85
1978,801,77,3,99.69
1979,802,183,3,248.86
1980,802,97,3,98.19
1981,803,200,2,155.32
1982,803,93,1,35.84
1983,804,24,1,147.7
1984,805,55,3,203.53
1985,805,115,3,260.83
1986,805,20,2,147.14
1987,805,95,3,116.16
1988,806,150,2,62.74
1989,806,128,2,136.05
1990,806,163,3,610.97
1991,807,42,2,242.45
1992,807,37,3,159.82
1993,807,130,2,93.57
1994,807,33,1,124.43
1995,808,178,1,850.94
1996,809,144,1,142.07
1997,809,95,3,116.16
1998,810,147,3,168.55
1999,810,75,1,33.0
2000,810,11,1,37.79
2001,811,76,1,638.35
2002,811,125,1,96.97
2003,811,8,3,211.41
2004,812,56,2,162.61
2005,812,47,1,222.95
2006,812,190,1,89.07
2007,813,124,2,607.56
2008,813,147,2,168.55
2009,813,80,2,490.16
2010,813,145,2,130.3
2011,814,196,3,79.63
2012,814,36,3,68.55
2013,815,39,3,56.35
2014,815,187,3,71.54
2015,815,84,3,211.71
2016,815,23,2,220.16
2017,816,139,2,124.46
2018,816,12,3,109.5
2019,816,172,2,218.21
2020,817,147,3,168.55
2021,818,165,3,461.88
2022,819,146,3,156.95
2023,820,31,3,153.77
2024,821,53,3,50.72
2025,821,63,2,68.8
2026,821,181,1,106.35
2027,822,151,2,277.4
2028,822,12,2,109.5
2029,822,126,1,114.59
2030,822,6,2,306.58
2031,823,98,1,108.52
2032,823,66,1,142.85
2033,823,24,3,147.7
2034,824,197,2,190.16
2035,824,23,2,220.16
2036,824,40,3,133.93
2037,825,7,1,253.2
2038,825,183,2,248.86
2039,826,83,1,118.1
2040,826,67,1,129.77
2041,826,97,1,98.19
2042,826,31,3,153.77
2043,827,30,2,417.73
2044,827,69,3,145.36
2045,827,16,2,144.95
2046,827,82,1,101.03
2047,828,5,3,74.99
2048,828,69,3,145.36
2049,829,78,2,631.43
2050,829,146,2,156.95
2051,830,37,3,159.82
2052,830,96,1,212.22
2053,831,11,2,37.79
2054,831,1,3,133.65
2055,831,119,1,134.74
2056,831,159,1,124.59
2057,832,70,2,60.1
2058,832,154,2,536.46
2059,832,65,3,246.25
2060,832,175,1,135.72
2061,833,12,3,109.5
2062,833,42,3,242.45
2063,833,190,1,89.07
2064,834,36,3,68.55
2065,835,54,3,757.88
2066,835,157,2,143.59
2067,835,130,3,93.57
2068,835,82,2,101.03
2069,836,170,2,46.33
2070,836,83,1,118.1
2071,837,5,3,74.99
2072,837,178,1,850.94
2073,837,35,3,472.96
2074,838,106,3,169.02
2075,838,143,3,834.92
2076,839,167,3,544.13
2077,840,173,3,92.55
2078,840,32,2,208.93
2079,840,91,2,104.41
2080,840,97,1,98.19
2081,841,32,2,208.93
2082,842,3,2,141.66
2083,842,57,3,125.24
2084,842,191,3,59.16
2085,842,6,2,306.58
2086,843,184,2,159.18
2087,843,57,2,125.24
2088,843,60,1,94.78
2089,844,2,3,34.67
2090,844,51,2,124.33
2091,845,44,3,178.91
2092,845,142,3,142.7
2093,845,50,3,61.88
2094,845,169,3,152.6
2095,846,191,1,59.16
2096,846,17,2,128.52
2097,847,50,3,61.88
2098,847,174,3,110.23
2099,847,6,3,306.58
2100,848,1,3,133.65
2101,848,110,1,148.94
2102,848,165,2,461.88
2103,848,173,2,92.55
2104,849,32,2,208.93
2105,849,175,2,135.72
2106,849,133,2,141.96
2107,850,13,2,37.54
2108,850,72,3,170.41
2109,851,86,3,117.44
2110,851,21,1,277.89
2111,852,20,2,147.14
2112,852,64,2,162.0
2113,852,51,1,124.33
2114,852,43,3,34.18
2115,853,7,2,253.2
2116,853,152,1,160.56
2117,853,161,1,110.81
2118,853,86,2,117.44
2119,854,86,3,117.44
2120,855,196,3,79.63
2121,855,25,1,171.72
2122,855,161,1,110.81
2123,855,115,1,260.83
2124,856,33,1,124.43
2125,857,78,3,631.43
2126,858,144,1,142.07
2127,859,25,1,171.72
2128,859,159,3,124.59
2129,859,193,3,90.47
2130,859,106,3,169.02
2131,860,159,3,124.59
2132,860,26,1,89.99
2133,860,87,2,64.83
2134,860,167,3,544.13
2135,861,4,3,125.3
2136,862,164,2,48.38
2137,862,131,2,145.42
2138,863,48,1,87.44
2139,863,63,1,68.8
2140,863,36,2,68.55
2141,863,12,3,109.5
2142,864,80,1,490.16
2143,864,150,1,62.74
2144,864,139,2,124.46
2145,865,3,3,141.66
2146,865,133,3,141.96
2147,865,151,1,277.4
2148,866,109,2,133.4
2149,867,18,1,152.47
2150,867,88,3,87.24
2151,868,149,3,162.28
2152,868,145,2,130.3
2153,868,86,2,117.44
2154,869,127,1,387.78
2155,870,120,1,679.33
2156,870,160,1,650.84
2157,871,53,2,50.72
2158,871,103,1,90.01
2159,871,48,1,87.44
2160,871,2,2,34.67
2161,872,113,3,205.42
2162,872,50,2,61.88
2163,872,162,1,130.45
2164,873,45,3,140.76
2165,873,57,1,125.24
2166,873,68,2,46.35
2167,874,6,2,306.58
2168,874,46,1,429.01
2169,875,98,1,108.52
2170,875,168,2,32.5
2171,876,95,3,116.16
2172,876,96,1,212.22
2173,877,183,1,248.86
2174,877,17,1,128.52
2175,877,31,1,153.77
2176,877,37,3,159.82
2177,878,163,3,610.97
2178,878,63,3,68.8
2179,878,12,1,109.5
2180,878,196,3,79.63
2181,879,14,2,144.79
2182,879,162,1,130.45
2183,880,54,3,757.88
2184,880,187,3,71.54
2185,880,21,1,277.89
2186,880,121,1,179.7
2187,881,128,1,136.05
2188,881,133,2,141.96
2189,881,119,3,134.74
2190,882,122,3,97.06
2191,882,69,3,145.36
2192,882,149,3,162.28
2193,882,103,1,90.01
2194,883,61,2,30.52
2195,883,102,2,210.79
2196,883,56,3,162.61
2197,883,79,1,218.75
2198,884,141,1,193.34
2199,884,22,2,250.06
2200,884,35,2,472.96
2201,885,120,3,679.33
2202,886,111,2,587.78
2203,886,105,2,72.34
2204,886,95,2,116.16
2205,886,128,1,136.05
2206,887,92,1,195.0
2207,888,71,1,243.88
2208,889,140,1,163.39
2209,890,78,3,631.43
2210,890,191,2,59.16
2211,890,197,1,190.16
2212,891,3,2,141.66
2213,891,198,2,57.03
2214,891,77,2,99.69
2215,892,121,3,179.7
2216,893,102,1,210.79
2217,893,59,3,33.15
2218,894,185,2,147.42
2219,894,119,1,134.74
2220,894,88,2,87.24
2221,894,22,3,250.06
2222,895,96,1,212.22
2223,896,189,3,330.5
2224,896,3,2,141.66
2225,896,128,2,136.05
2226,897,196,2,79.63
2227,897,200,2,155.32
2228,897,177,3,87.79
2229,897,138,1,50.78
2230,898,85,3,71.06
2231,898,146,3,156.95
2232,899,53,2,50.72
2233,899,101,1,294.62
2234,899,17,2,128.52
2235,899,137,1,169.18
2236,900,24,3,147.7
2237,900,44,3,178.91
2238,900,27,1,136.29
2239,901,7,2,253.2
2240,901,48,2,87.44
2241,901,51,1,124.33
2242,901,18,1,152.47
2243,902,15,1,66.6
2244,902,95,2,116.16
2245,902,133,2,141.96
2246,902,3,2,141.66
2247,903,138,2,50.78
2248,903,108,3,530.49
2249,904,53,2,50.72
2250,904,80,3,490.16
2251,905,151,3,277.4
2252,905,52,3,52.03
2253,905,129,2,163.32
2254,906,17,3,128.52
2255,906,103,2,90.01
2256,906,155,3,105.75
2257,906,64,2,162.0
2258,907,74,3,154.8
2259,908,180,2,74.94
2260,908,183,3,248.86
2261,908,77,1,99.69
2262,909,118,3,156.07
2263,909,99,3,201.6
2264,909,169,1,152.6
2265,909,47,2,222.95
2266,910,41,3,252.13
2267,910,71,3,243.88
2268,911,127,3,387.78
2269,911,106,1,169.02
2270,912,105,2,72.34
2271,912,116,1,579.43
2272,912,43,3,34.18
2273,913,98,1,108.52
2274,913,88,2,87.24
2275,913,191,1,59.16
2276,913,103,1,90.01
2277,914,172,2,218.21
2278,914,192,2,143.27
2279,914,119,1,134.74
2280,915,36,1,68.55
2281,915,121,1,179.7
2282,915,72,3,170.41
2283,915,42,1,242.45
2284,916,44,1,178.91
2285,916,20,3,147.14
2286,916,172,2,218.21
2287,916,196,1,79.63
2288,917,173,3,92.55
2289,918,100,3,40.59
2290,919,13,2,37.54
2291,920,62,1,128.85
2292,920,52,2,52.03
2293,920,24,1,147.7
2294,921,57,1,125.24
2295,922,186,1,129.79
2296,922,43,2,34.18
2297,923,144,3,142.07
2298,923,161,1,110.81
2299,923,49,3,130.23
2300,924,60,1,94.78
2301,925,103,3,90.01
2302,926,57,3,125.24
2303,926,17,3,128.52
2304,926,169,2,152.6
2305,926,72,1,170.41
2306,927,78,1,631.43
2307,927,197,3,190.16
2308,927,154,3,536.46
2309,927,128,3,136.05
2310,928,162,3,130.45
2311,928,179,3,157.51
2312,928,100,1,40.59
2313,929,171,2,128.85
2314,929,124,1,607.56
2315,929,18,3,152.47
2316,930,129,3,163.32
2317,930,151,1,277.4
2318,931,61,1,30.52
2319,931,189,3,330.5
2320,931,110,1,148.94
2321,932,52,1,52.03
2322,932,39,3,56.35
2323,932,97,1,98.19
2324,933,190,2,89.07
2325,933,85,3,71.06
2326,933,35,1,472.96
2327,933,72,3,170.41
2328,934,193,3,90.47
2329,934,7,2,253.2
2330,934,59,2,33.15
2331,935,176,3,161.87
2332,935,179,1,157.51
2333,936,47,1,222.95
2334,936,114,1,103.88
2335,936,162,2,130.45
2336,937,163,1,610.97
2337,938,152,1,160.56
2338,938,141,1,193.34
2339,939,80,1,490.16
2340,939,43,2,34.18
2341,939,185,1,147.42
2342,939,51,3,124.33
2343,940,163,1,610.97
2344,940,52,2,52.03
2345,940,70,2,60.1
2346,940,124,2,607.56
2347,941,195,2,376.32
2348,941,40,2,133.93
2349,941,124,1,607.56
2350,941,6,2,306.58
2351,942,66,2,142.85
2352,942,98,2,108.52
2353,943,19,2,197.16
2354,943,86,1,117.44
2355,943,35,1,472.96
2356,943,184,1,159.18
2357,944,126,2,114.59
2358,944,104,3,272.67
2359,944,107,2,248.5
2360,945,105,1,72.34
2361,946,50,2,61.88
2362,946,196,2,79.63
2363,947,131,3,145.42
2364,947,182,3,640.15
2365,947,126,2,114.59
2366,948,189,1,330.5
2367,948,64,2,162.0
2368,948,63,3,68.8
2369,948,123,3,95.55
2370,949,67,2,129.77
2371,949,155,3,105.75
2372,950,4,1,125.3
2373,950,30,3,417.73
2374,951,181,1,106.35
2375,951,151,2,277.4
2376,951,21,1,277.89
2377,951,133,2,141.96
2378,952,151,3,277.4
2379,952,79,1,218.75
2380,952,188,1,95.15
2381,952,106,3,169.02
2382,953,69,1,145.36
2383,953,192,3,143.27
2384,954,126,1,114.59
2385,954,1,1,133.65
2386,955,168,1,32.5
2387,955,74,1,154.8
2388,955,188,2,95.15
2389,955,111,1,587.78
2390,956,129,2,163.32
2391,956,29,3,25.86
2392,957,192,1,143.27
2393,958,113,3,205.42
2394,958,161,1,110.81
2395,958,160,1,650.84
2396,958,28,2,248.26
2397,959,88,1,87.24
2398,960,3,1,141.66
2399,961,25,1,171.72
2400,962,125,2,96.97
2401,962,122,3,97.06
2402,962,194,2,182.4
2403,963,62,2,128.85
2404,963,93,2,35.84
2405,963,171,3,128.85
2406,964,26,3,89.99
2407,964,1,2,133.65
2408,964,117,3,164.2
2409,965,7,1,253.2
2410,965,155,3,105.75
2411,966,95,3,116.16
2412,966,116,3,579.43
2413,967,170,2,46.33
2414,967,49,1,130.23
2415,967,1,3,133.65
2416,967,164,2,48.38
2417,968,174,3,110.23
2418,968,114,2,103.88
2419,968,60,2,94.78
2420,969,110,3,148.94
2421,969,122,1,97.06
2422,969,169,3,152.6
2423,970,134,3,231.92
2424,970,147,3,168.55
2425,971,173,1,92.55
2426,971,141,2,193.34
2427,971,120,1,679.33
2428,972,55,3,203.53
2429,972,44,3,178.91
2430,973,42,2,242.45
2431,974,185,3,147.42
2432,974,66,2,142.85
2433,975,171,1,128.85
2434,976,24,3,147.7
2435,976,178,3,850.94
2436,976,86,1,117.44
2437,976,58,3,177.62
2438,977,168,1,32.5
2439,977,165,1,461.88
2440,977,144,2,142.07
2441,977,112,1,597.68
2442,978,190,3,89.07
2443,978,152,1,160.56
2444,978,49,3,130.23
2445,979,148,1,248.26
2446,979,189,3,330.5
2447,979,1,3,133.65
2448,979,80,1,490.16
2449,980,198,1,57.03
2450,980,94,3,135.72
2451,980,174,3,110.23
2452,981,3,1,141.66
2453,981,138,2,50.78
2454,981,118,1,156.07
2455,981,81,2,479.7
2456,982,38,3,75.0
2457,982,192,1,143.27
2458,982,171,3,128.85
2459,983,71,3,243.88
2460,984,75,2,33.0
2461,984,181,1,106.35
2462,984,97,3,98.19
2463,984,16,1,144.95
2464,985,199,1,215.73
2465,986,169,3,152.6
2466,986,41,2,252.13
2467,986,6,2,306.58
2468,987,101,2,294.62
2469,987,19,2,197.16
2470,987,136,3,628.46
2471,987,187,1,71.54
2472,988,25,3,171.72
2473,988,34,1,170.17
2474,988,83,3,118.1
2475,988,193,2,90.47
2476,989,114,2,103.88
2477,989,179,2,157.51
2478,990,189,1,330.5
2479,990,167,2,544.13
2480,991,174,1,110.23
2481,992,174,2,110.23
2482,992,44,2,178.91
2483,992,15,1,66.6
2484,992,25,1,171.72
2485,993,152,3,160.56
2486,993,112,3,597.68
2487,993,39,2,56.35
2488,994,126,1,114.59
2489,994,78,3,631.43
2490,994,177,3,87.79
2491,994,153,2,118.08
2492,995,200,2,155.32
2493,996,71,2,243.88
2494,996,162,1,130.45
2495,996,168,1,32.5
2496,996,114,1,103.88
2497,997,6,3,306.58
2498,997,151,3,277.4
2499,998,152,1,160.56
2500,999,77,2,99.69
2501,999,147,1,168.55
2502,999,33,3,124.43
2503,999,26,3,89.99
2504,1000,101,3,294.62
2505,1001,17,3,128.52
2506,1001,133,3,141.96
2507,1001,150,1,62.74
2508,1001,138,1,50.78
2509,1002,154,1,536.46
2510,1002,178,1,850.94
2511,1003,11,1,37.79
2512,1004,144,2,142.07
2513,1005,130,2,93.57
2514,1006,109,1,133.4
2515,1006,169,1,152.6
2516,1007,169,1,152.6
2517,1007,137,3,169.18
2518,1007,114,2,103.88
2519,1008,177,3,87.79
2520,1008,26,1,89.99
2521,1009,56,3,162.61
2522,1009,35,1,472.96
2523,1009,155,3,105.75
2524,1010,20,2,147.14
2525,1010,141,3,193.34
2526,1010,66,1,142.85
2527,1010,67,2,129.77
2528,1011,178,1,850.94
2529,1011,37,3,159.82
2530,1011,138,3,50.78
2531,1011,53,2,50.72
2532,1012,145,3,130.3
2533,1012,169,3,152.6
2534,1012,166,1,141.9
2535,1013,112,3,597.68
2536,1013,98,1,108.52
2537,1013,7,1,253.2
2538,1014,17,2,128.52
2539,1014,85,2,71.06
2540,1014,164,2,48.38
2541,1014,23,1,220.16
2542,1015,26,2,89.99
2543,1016,45,3,140.76
2544,1017,25,3,171.72
2545,1017,136,2,628.46
2546,1017,90,3,89.85
2547,1017,180,2,74.94
2548,1018,82,2,101.03
2549,1018,193,1,90.47
2550,1019,123,1,95.55
2551,1019,152,3,160.56
2552,1019,33,3,124.43
2553,1019,67,3,129.77
2554,1020,146,3,156.95
2555,1020,189,3,330.5
2556,1020,69,2,145.36
2557,1020,14,3,144.79
2558,1021,181,2,106.35
2559,1021,118,2,156.07
2560,1021,47,3,222.95
2561,1021,113,2,205.42
2562,1022,79,1,218.75
2563,1022,163,2,610.97
2564,1023,20,3,147.14
2565,1024,148,1,248.26
2566,1024,15,3,66.6
2567,1025,109,3,133.4
2568,1026,123,3,95.55
2569,1026,128,3,136.05
2570,1027,104,1,272.67
2571,1028,183,2,248.86
2572,1029,190,3,89.07
2573,1029,170,3,46.33
2574,1030,173,3,92.55
2575,1030,196,1,79.63
2576,1031,14,2,144.79
2577,1031,109,1,133.4
2578,1031,127,2,387.78
2579,1032,139,1,124.46
2580,1032,197,2,190.16
2581,1033,1,3,133.65
2582,1033,189,3,330.5
2583,1034,119,3,134.74
2584,1035,158,2,183.19
2585,1036,90,3,89.85
2586,1037,111,2,587.78
2587,1038,106,2,169.02
2588,1038,32,1,208.93
2589,1039,121,2,179.7
2590,1039,102,2,210.79
2591,1040,28,2,248.26
2592,1040,113,1,205.42
2593,1040,169,1,152.6
2594,1041,182,1,640.15
2595,1041,51,2,124.33
2596,1041,29,1,25.86
2597,1042,9,1,185.88
2598,1042,42,2,242.45
2599,1042,171,3,128.85
2600,1043,175,2,135.72
2601,1043,183,3,248.86
2602,1043,33,3,124.43
2603,1043,84,3,211.71
2604,1044,29,1,25.86
2605,1044,28,1,248.26
2606,1045,14,2,144.79
2607,1045,174,2,110.23
2608,1046,123,1,95.55
2609,1046,75,2,33.0
2610,1046,73,1,50.54
2611,1046,125,3,96.97
2612,1047,72,1,170.41
2613,1047,197,2,190.16
2614,1048,122,1,97.06
2615,1048,181,3,106.35
2616,1049,152,3,160.56
2617,1049,162,1,130.45
2618,1050,71,1,243.88
2619,1051,24,2,147.7
2620,1051,14,2,144.79
2621,1052,57,2,125.24
2622,1052,87,2,64.83
2623,1053,78,1,631.43
2624,1054,64,1,162.0
2625,1054,82,1,101.03
2626,1054,13,1,37.54
2627,1054,47,3,222.95
2628,1055,72,1,170.41
2629,1055,156,2,142.3
2630,1055,26,2,89.99
2631,1055,111,2,587.78
2632,1056,175,3,135.72
2633,1057,93,3,35.84
2634,1057,190,3,89.07
2635,1057,191,3,59.16
2636,1058,150,1,62.74
2637,1058,99,1,201.6
2638,1059,11,3,37.79
2639,1060,50,2,61.88
2640,1060,181,1,106.35
2641,1061,78,1,631.43
2642,1061,186,3,129.79
2643,1061,122,3,97.06
2644,1062,141,3,193.34
2645,1062,183,2,248.86
2646,1062,65,2,246.25
2647,1062,195,2,376.32
2648,1063,124,2,607.56
2649,1064,43,3,34.18
2650,1065,12,3,109.5
2651,1065,145,1,130.3
2652,1065,16,3,144.95
2653,1066,43,2,34.18
2654,1067,103,1,90.01
2655,1067,156,1,142.3
2656,1067,70,1,60.1
2657,1067,53,3,50.72
2658,1068,129,2,163.32
2659,1068,182,2,640.15
2660,1068,185,1,147.42
2661,1068,135,2,331.84
2662,1069,58,3,177.62
2663,1069,12,1,109.5
2664,1070,35,3,472.96
2665,1070,70,1,60.1
2666,1070,14,1,144.79
2667,1071,162,2,130.45
2668,1071,155,1,105.75
2669,1071,95,3,116.16
2670,1072,105,2,72.34
2671,1072,157,2,143.59
2672,1073,57,1,125.24
2673,1073,188,2,95.15
2674,1073,72,1,170.41
2675,1074,185,3,147.42
2676,1075,161,3,110.81
2677,1075,163,1,610.97
2678,1075,155,2,105.75
2679,1076,40,3,133.93
2680,1076,115,2,260.83
2681,1076,60,2,94.78
2682,1076,187,1,71.54
2683,1077,118,1,156.07
2684,1077,48,1,87.44
2685,1078,166,1,141.9
2686,1078,73,2,50.54
2687,1079,176,1,161.87
2688,1079,156,1,142.3
2689,1079,49,2,130.23
2690,1079,18,1,152.47
2691,1080,26,3,89.99
2692,1080,186,1,129.79
2693,1080,135,3,331.84
2694,1080,36,1,68.55
2695,1081,196,3,79.63
2696,1082,69,1,145.36
2697,1083,28,3,248.26
2698,1084,52,1,52.03
2699,1085,79,2,218.75
2700,1085,85,1,71.06
2701,1086,161,1,110.81
2702,1086,140,1,163.39
2703,1086,32,1,208.93
2704,1087,37,1,159.82
2705,1087,1,2,133.65
2706,1087,58,2,177.62
2707,1087,7,1,253.2
2708,1088,176,1,161.87
2709,1088,184,1,159.18
2710,1088,29,1,25.86
2711,1088,126,1,114.59
2712,1089,20,1,147.14
2713,1089,158,2,183.19
2714,1089,86,1,117.44
2715,1090,110,2,148.94
2716,1090,136,3,628.46
2717,1091,160,1,650.84
2718,1091,74,2,154.8
2719,1091,90,2,89.85
2720,1092,1,1,133.65
2721,1093,100,3,40.59
2722,1093,115,2,260.83
2723,1094,187,2,71.54
2724,1094,72,1,170.41
2725,1094,38,1,75.0
2726,1094,24,2,147.7
2727,1095,178,2,850.94
2728,1095,106,1,169.02
2729,1095,155,3,105.75
2730,1095,163,1,610.97
2731,1096,137,1,169.18
2732,1096,138,3,50.78
2733,1096,59,3,33.15
2734,1096,99,2,201.6
2735,1097,180,1,74.94
2736,1097,23,2,220.16
2737,1098,143,1,834.92
2738,1098,122,1,97.06
2739,1098,35,2,472.96
2740,1099,76,1,638.35
2741,1099,118,3,156.07
2742,1100,63,3,68.8
2743,1100,54,1,757.88
2744,1100,58,1,177.62
2745,1100,15,3,66.6
2746,1101,179,2,157.51
2747,1102,123,3,95.55
2748,1103,37,1,159.82
2749,1103,21,1,277.89
2750,1103,63,3,68.8
2751,1104,196,2,79.63
2752,1104,47,3,222.95
2753,1105,121,2,179.7
2754,1105,106,2,169.02
2755,1105,185,3,147.42
2756,1106,16,1,144.95
2757,1106,165,3,461.88
2758,1107,102,2,210.79
2759,1108,142,3,142.7
2760,1108,183,2,248.86
2761,1108,67,3,129.77
2762,1108,147,1,168.55
2763,1109,24,1,147.7
2764,1109,134,3,231.92
2765,1109,97,1,98.19
2766,1110,48,1,87.44
2767,1110,191,3,59.16
2768,1110,144,2,142.07
2769,1110,155,2,105.75
2770,1111,43,2,34.18
2771,1111,14,1,144.79
2772,1111,96,2,212.22
2773,1111,166,1,141.9
2774,1112,8,1,211.41
2775,1112,62,3,128.85
2776,1112,73,1,50.54
2777,1113,49,3,130.23
2778,1113,142,1,142.7
2779,1113,52,1,52.03
2780,1114,145,2,130.3
2781,1115,3,2,141.66
2782,1115,92,2,195.0
2783,1115,193,3,90.47
2784,1116,34,1,170.17
2785,1116,180,2,74.94
2786,1116,173,2,92.55
2787,1117,7,2,253.2
2788,1117,151,2,277.4
2789,1118,75,1,33.0
2790,1119,184,1,159.18
2791,1120,197,1,190.16
2792,1120,184,3,159.18
2793,1121,115,2,260.83
2794,1121,34,2,170.17
2795,1121,87,3,64.83
2796,1122,183,3,248.86
2797,1123,40,3,133.93
2798,1124,4,1,125.3
2799,1125,128,1,136.05
2800,1126,18,3,152.47
2801,1126,72,2,170.41
2802,1127,67,2,129.77
2803,1127,122,3,97.06
2804,1127,66,1,142.85
2805,1127,196,1,79.63
2806,1128,74,3,154.8
2807,1128,103,3,90.01
2808,1128,105,1,72.34
2809,1129,96,2,212.22
2810,1129,22,3,250.06
2811,1129,175,2,135.72
2812,1130,159,3,124.59
2813,1131,40,1,133.93
2814,1132,19,3,197.16
2815,1132,58,1,177.62
2816,1132,100,2,40.59
2817,1132,119,2,134.74
2818,1133,22,1,250.06
2819,1134,52,2,52.03
2820,1134,103,2,90.01
2821,1134,85,3,71.06
2822,1134,17,2,128.52
2823,1135,72,2,170.41
2824,1136,164,2,48.38
2825,1136,55,3,203.53
2826,1137,16,1,144.95
2827,1137,93,1,35.84
2828,1137,111,1,587.78
2829,1137,122,1,97.06
2830,1138,65,1,246.25
2831,1138,163,1,610.97
2832,1138,46,1,429.01
2833,1139,108,2,530.49
2834,1139,135,1,331.84
2835,1139,55,1,203.53
2836,1139,172,1,218.21
2837,1140,193,1,90.47
2838,1140,77,2,99.69
2839,1140,43,2,34.18
2840,1141,179,2,157.51
2841,1141,112,3,597.68
2842,1142,20,3,147.14
2843,1142,186,3,129.79
2844,1143,4,1,125.3
2845,1143,39,2,56.35
2846,1143,118,2,156.07
2847,1144,68,2,46.35
2848,1144,134,1,231.92
2849,1144,185,3,147.42
2850,1144,1,2,133.65
2851,1145,10,1,305.44
2852,1146,179,3,157.51
2853,1146,140,2,163.39
2854,1146,199,1,215.73
2855,1146,43,2,34.18
2856,1147,95,2,116.16
2857,1148,180,2,74.94
2858,1149,106,3,169.02
2859,1149,91,2,104.41
2860,1149,139,1,124.46
2861,1149,110,1,148.94
2862,1150,139,2,124.46
2863,1150,112,2,597.68
2864,1151,163,1,610.97
2865,1151,73,1,50.54
2866,1151,180,1,74.94
2867,1151,159,1,124.59
2868,1152,128,3,136.05
2869,1153,163,2,610.97
2870,1154,108,2,530.49
2871,1154,55,3,203.53
2872,1154,58,2,177.62
2873,1155,90,2,89.85
2874,1156,2,2,34.67
2875,1156,96,2,212.22
2876,1156,58,3,177.62
2877,1156,130,2,93.57
2878,1157,173,1,92.55
2879,1157,62,1,128.85
2880,1157,2,1,34.67
2881,1157,107,1,248.5
2882,1158,86,2,117.44
2883,1158,44,1,178.91
2884,1158,147,3,168.55
2885,1159,14,3,144.79
2886,1159,148,2,248.26
2887,1159,110,3,148.94
2888,1159,33,1,124.43
2889,1160,112,1,597.68
2890,1160,60,3,94.78
2891,1161,196,1,79.63
2892,1161,161,2,110.81
2893,1161,67,1,129.77
2894,1161,142,1,142.7
2895,1162,8,3,211.41
2896,1162,159,3,124.59
2897,1163,7,2,253.2
2898,1163,191,3,59.16
2899,1163,188,3,95.15
2900,1163,34,2,170.17
2901,1164,50,3,61.88
2902,1164,138,2,50.78
2903,1164,63,2,68.8
2904,1165,161,3,110.81
2905,1165,6,3,306.58
2906,1166,28,1,248.26
2907,1167,20,2,147.14
2908,1168,26,1,89.99
2909,1168,126,2,114.59
2910,1168,6,3,306.58
2911,1168,106,1,169.02
2912,1169,163,1,610.97
2913,1169,116,2,579.43
2914,1169,42,1,242.45
2915,1170,31,2,153.77
2916,1171,41,3,252.13
2917,1172,156,3,142.3
2918,1172,8,1,211.41
2919,1173,94,1,135.72
2920,1173,30,1,417.73
2921,1174,69,2,145.36
2922,1174,71,1,243.88
2923,1175,120,2,679.33
2924,1175,191,3,59.16
2925,1175,127,2,387.78
2926,1176,176,2,161.87
2927,1176,184,2,159.18
2928,1177,43,2,34.18
2929,1177,53,2,50.72
2930,1177,185,2,147.42
2931,1178,160,2,650.84
2932,1178,28,2,248.26
2933,1178,156,1,142.3
2934,1179,116,1,579.43
2935,1180,151,3,277.4
2936,1180,105,3,72.34
2937,1180,76,3,638.35
2938,1181,83,1,118.1
2939,1181,110,2,148.94
2940,1182,96,2,212.22
2941,1182,38,1,75.0
2942,1182,200,1,155.32
2943,1183,55,2,203.53
2944,1183,120,1,679.33
2945,1183,146,3,156.95
2946,1184,135,1,331.84
2947,1184,56,3,162.61
2948,1185,147,3,168.55
2949,1186,82,2,101.03
2950,1186,51,2,124.33
2951,1186,13,1,37.54
2952,1187,44,2,178.91
2953,1187,154,1,536.46
2954,1187,84,3,211.71
2955,1187,152,1,160.56
2956,1188,119,2,134.74
2957,1189,10,2,305.44
2958,1189,137,3,169.18
2959,1189,136,1,628.46
2960,1189,11,1,37.79
2961,1190,71,2,243.88
2962,1190,82,2,101.03
2963,1190,193,1,90.47
2964,1191,101,2,294.62
2965,1192,165,1,461.88
2966,1192,32,1,208.93
2967,1192,96,1,212.22
2968,1192,159,1,124.59
2969,1193,177,1,87.79
2970,1193,186,1,129.79
2971,1193,112,1,597.68
2972,1194,177,1,87.79
2973,1195,29,1,25.86
2974,1196,177,2,87.79
2975,1196,157,3,143.59
2976,1196,98,1,108.52
2977,1197,33,2,124.43
2978,1198,164,3,48.38
2979,1198,115,3,260.83
2980,1198,172,1,218.21
2981,1198,32,3,208.93
2982,1199,198,1,57.03
2983,1199,188,1,95.15
2984,1199,124,2,607.56
2985,1200,143,3,834.92
2986,1200,63,3,68.8
2987,1200,169,1,152.6
2988,1201,55,1,203.53
2989,1202,125,2,96.97
2990,1202,27,1,136.29
2991,1203,195,2,376.32
2992,1203,80,3,490.16
2993,1203,182,1,640.15
2994,1204,94,2,135.72
2995,1204,99,3,201.6
2996,1205,18,2,152.47
2997,1205,72,1,170.41
2998,1206,38,2,75.0
2999,1207,5,1,74.99
3000,1207,118,2,156.07
3001,1208,91,1,104.41
3002,1208,68,2,46.35
3003,1208,31,2,153.77
3004,1208,141,1,193.34
3005,1209,14,2,144.79
3006,1209,113,1,205.42
3007,1209,70,1,60.1
3008,1210,76,2,638.35
3009,1210,49,1,130.23
3010,1211,133,1,141.96
3011,1211,111,3,587.78
3012,1211,28,1,248.26
3013,1211,175,1,135.72
3014,1212,62,1,128.85
3015,1212,17,2,128.52
3016,1212,137,1,169.18
3017,1213,101,3,294.62
3018,1213,26,2,89.99
3019,1213,57,2,125.24
3020,1213,188,1,95.15
3021,1214,181,3,106.35
3022,1214,153,1,118.08
3023,1214,74,1,154.8
3024,1215,190,1,89.07
3025,1215,79,2,218.75
3026,1215,177,3,87.79
3027,1215,62,1,128.85
3028,1216,4,2,125.3
3029,1216,171,2,128.85
3030,1217,44,3,178.91
3031,1218,122,2,97.06
3032,1218,150,1,62.74
3033,1218,1,2,133.65
3034,1219,59,1,33.15
3035,1219,135,1,331.84
3036,1219,129,1,163.32
3037,1220,116,2,579.43
3038,1220,126,3,114.59
3039,1220,189,2,330.5
3040,1221,4,2,125.3
3041,1221,91,3,104.41
3042,1221,78,3,631.43
3043,1221,182,3,640.15
3044,1222,38,2,75.0
3045,1223,128,3,136.05
3046,1223,8,3,211.41
3047,1223,63,3,68.8
3048,1224,50,2,61.88
3049,1225,135,2,331.84
3050,1225,45,2,140.76
3051,1225,68,2,46.35
3052,1225,174,3,110.23
3053,1226,80,3,490.16
3054,1226,49,3,130.23
3055,1226,11,3,37.79
3056,1227,111,2,587.78
3057,1228,74,2,154.8
3058,1228,29,3,25.86
3059,1228,3,1,141.66
3060,1229,160,1,650.84
3061,1229,143,2,834.92
3062,1229,171,2,128.85
3063,1230,117,1,164.2
3064,1231,14,2,144.79
3065,1232,13,2,37.54
3066,1233,23,2,220.16
3067,1233,183,1,248.86
3068,1234,75,1,33.0
3069,1235,174,2,110.23
3070,1235,164,2,48.38
3071,1236,67,2,129.77
3072,1237,174,3,110.23
3073,1237,83,1,118.1
3074,1237,149,2,162.28
3075,1237,36,1,68.55
3076,1238,22,3,250.06
3077,1238,77,2,99.69
3078,1238,146,3,156.95
3079,1239,36,3,68.55
3080,1240,120,2,679.33
3081,1240,91,2,104.41
3082,1240,110,2,148.94
3083,1241,197,2,190.16
3084,1242,63,2,68.8
3085,1242,149,1,162.28
3086,1242,132,3,162.1
3087,1243,14,1,144.79
3088,1243,194,2,182.4
3089,1243,101,3,294.62
3090,1244,14,3,144.79
3091,1244,22,1,250.06
3092,1244,15,2,66.6
3093,1244,70,3,60.1
3094,1245,177,3,87.79
3095,1245,85,3,71.06
3096,1245,16,3,144.95
3097,1245,32,3,208.93
3098,1246,133,3,141.96
3099,1246,37,3,159.82
3100,1247,78,2,631.43
3101,1247,161,3,110.81
3102,1248,30,1,417.73
3103,1248,18,1,152.47
3104,1249,64,1,162.0
3105,1250,101,2,294.62
3106,1250,15,2,66.6
3107,1250,32,1,208.93
3108,1250,77,1,99.69
3109,1251,157,3,143.59
3110,1251,175,3,135.72
3111,1251,113,1,205.42
3112,1252,37,3,159.82
3113,1252,191,1,59.16
3114,1253,122,2,97.06
3115,1253,123,2,95.55
3116,1254,95,2,116.16
3117,1254,171,3,128.85
3118,1254,71,1,243.88
3119,1254,101,2,294.62
3120,1255,8,2,211.41
3121,1255,73,1,50.54
3122,1256,9,3,185.88
3123,1256,166,3,141.9
3124,1256,167,2,544.13
3125,1257,36,2,68.55
3126,1257,120,2,679.33
3127,1257,186,1,129.79
3128,1258,90,3,89.85
3129,1258,181,2,106.35
3130,1259,91,3,104.41
3131,1259,168,3,32.5
3132,1260,196,2,79.63
3133,1260,169,1,152.6
3134,1260,78,3,631.43
3135,1261,148,3,248.26
3136,1261,182,3,640.15
3137,1262,151,3,277.4
3138,1262,149,3,162.28
3139,1262,90,2,89.85
3140,1263,60,3,94.78
3141,1263,25,1,171.72
3142,1264,83,3,118.1
3143,1264,195,1,376.32
3144,1264,60,1,94.78
3145,1264,198,1,57.03
3146,1265,17,1,128.52
3147,1265,16,1,144.95
3148,1265,157,3,143.59
3149,1265,65,1,246.25
3150,1266,45,2,140.76
3151,1267,164,3,48.38
3152,1267,147,1,168.55
3153,1268,58,1,177.62
3154,1268,52,2,52.03
3155,1268,190,3,89.07
3156,1269,162,3,130.45
3157,1270,93,2,35.84
3158,1271,48,3,87.44
3159,1271,175,3,135.72
3160,1271,187,3,71.54
3161,1272,129,3,163.32
3162,1272,91,1,104.41
3163,1272,92,1,195.0
3164,1272,159,2,124.59
3165,1273,33,3,124.43
3166,1274,14,3,144.79
3167,1274,154,2,536.46
3168,1275,100,1,40.59
3169,1275,181,1,106.35
3170,1275,92,2,195.0
3171,1276,103,3,90.01
3172,1276,159,3,124.59
3173,1276,15,1,66.6
3174,1277,9,2,185.88
3175,1278,36,1,68.55
3176,1279,194,1,182.4
3177,1279,170,2,46.33
3178,1279,16,1,144.95
3179,1280,89,1,52.78
3180,1281,142,2,142.7
3181,1282,27,1,136.29
3182,1283,111,1,587.78
3183,1283,123,1,95.55
3184,1283,78,1,631.43
3185,1284,175,3,135.72
3186,1284,176,2,161.87
3187,1284,189,1,330.5
3188,1284,5,2,74.99
3189,1285,180,1,74.94
3190,1285,110,2,148.94
3191,1285,141,1,193.34
3192,1285,36,3,68.55
3193,1286,112,1,597.68
3194,1286,15,1,66.6
3195,1286,61,3,30.52
3196,1287,4,3,125.3
3197,1288,15,1,66.6
3198,1289,90,1,89.85
3199,1289,155,2,105.75
3200,1289,168,1,32.5
3201,1290,169,1,152.6
3202,1291,127,3,387.78
3203,1291,181,2,106.35
3204,1292,114,2,103.88
3205,1292,183,2,248.86
3206,1293,135,2,331.84
3207,1293,69,3,145.36
3208,1294,106,2,169.02
3209,1294,181,2,106.35
3210,1294,160,1,650.84
3211,1295,79,3,218.75
3212,1295,190,1,89.07
3213,1296,61,3,30.52
3214,1297,6,2,306.58
3215,1298,77,3,99.69
3216,1298,22,2,250.06
3217,1298,16,2,144.95
3218,1298,72,1,170.41
3219,1299,58,1,177.62
3220,1300,170,2,46.33
3221,1301,156,2,142.3
3222,1302,193,1,90.47
3223,1302,152,2,160.56
3224,1302,56,3,162.61
3225,1303,28,3,248.26
3226,1304,137,3,169.18
3227,1304,119,3,134.74
3228,1304,109,3,133.4
3229,1305,120,1,679.33
3230,1305,191,2,59.16
3231,1305,61,3,30.52
3232,1305,34,2,170.17
3233,1306,87,1,64.83
3234,1306,147,3,168.55
3235,1306,102,2,210.79
3236,1307,32,2,208.93
3237,1308,114,1,103.88
3238,1308,119,2,134.74
3239,1309,164,1,48.38
3240,1309,143,3,834.92
3241,1309,56,1,162.61
3242,1309,105,2,72.34
3243,1310,113,1,205.42
3244,1311,127,3,387.78
3245,1311,33,1,124.43
3246,1311,59,1,33.15
3247,1312,30,1,417.73
3248,1312,168,1,32.5
3249,1313,11,1,37.79
3250,1313,142,1,142.7
3251,1313,184,3,159.18
3252,1314,174,2,110.23
3253,1315,90,1,89.85
3254,1315,28,3,248.26
3255,1316,53,3,50.72
3256,1316,84,2,211.71
3257,1317,19,1,197.16
3258,1317,165,1,461.88
3259,1317,110,2,148.94
3260,1317,73,3,50.54
3261,1318,121,1,179.7
3262,1318,76,1,638.35
3263,1318,160,2,650.84
3264,1319,28,3,248.26
3265,1320,56,1,162.61
3266,1320,97,3,98.19
3267,1320,150,3,62.74
3268,1321,20,1,147.14
3269,1322,138,1,50.78
3270,1322,188,3,95.15
3271,1322,32,2,208.93
3272,1322,136,3,628.46
3273,1323,50,1,61.88
3274,1323,148,2,248.26
3275,1323,76,1,638.35
3276,1324,117,3,164.2
3277,1324,81,1,479.7
3278,1325,93,3,35.84
3279,1325,21,1,277.89
3280,1325,91,2,104.41
3281,1325,144,3,142.07
3282,1326,59,1,33.15
3283,1326,146,2,156.95
3284,1326,33,3,124.43
3285,1326,138,3,50.78
3286,1327,88,1,87.24
3287,1327,81,2,479.7
3288,1327,31,2,153.77
3289,1328,162,2,130.45
3290,1328,198,1,57.03
3291,1328,51,1,124.33
3292,1328,47,1,222.95
3293,1329,191,2,59.16
3294,1329,26,1,89.99
3295,1329,33,3,124.43
3296,1329,9,1,185.88
3297,1330,109,3,133.4
3298,1330,91,3,104.41
3299,1330,33,1,124.43
3300,1330,103,3,90.01
3301,1331,185,1,147.42
3302,1332,105,2,72.34
3303,1332,162,2,130.45
3304,1332,116,2,579.43
3305,1332,190,3,89.07
3306,1333,39,1,56.35
3307,1334,98,3,108.52
3308,1334,83,3,118.1
3309,1334,113,3,205.42
3310,1334,46,2,429.01
3311,1335,127,3,387.78
3312,1335,88,3,87.24
3313,1335,13,3,37.54
3314,1336,83,1,118.1
3315,1336,99,1,201.6
3316,1336,82,1,101.03
3317,1337,111,2,587.78
3318,1337,133,3,141.96
3319,1338,73,2,50.54
3320,1338,43,2,34.18
3321,1338,31,2,153.77
3322,1339,67,1,129.77
3323,1339,156,1,142.3
3324,1339,193,3,90.47
3325,1340,8,1,211.41
3326,1340,154,3,536.46
3327,1341,7,3,253.2
3328,1341,95,2,116.16
3329,1341,53,3,50.72
3330,1341,73,2,50.54
3331,1342,29,1,25.86
3332,1342,184,2,159.18
3333,1342,181,2,106.35
3334,1343,188,2,95.15
3335,1343,172,1,218.21
3336,1343,30,3,417.73
3337,1344,41,2,252.13
3338,1344,130,2,93.57
3339,1344,86,3,117.44
3340,1345,10,3,305.44
3341,1345,111,3,587.78
3342,1345,26,2,89.99
3343,1346,163,3,610.97
3344,1347,57,2,125.24
3345,1347,173,1,92.55
3346,1347,51,2,124.33
3347,1347,68,1,46.35
3348,1348,163,3,610.97
3349,1348,23,3,220.16
3350,1349,126,3,114.59
3351,1350,108,3,530.49
3352,1351,164,2,48.38
3353,1351,90,3,89.85
3354,1352,60,2,94.78
3355,1352,75,2,33.0
3356,1352,172,3,218.21
3357,1353,76,2,638.35
3358,1353,25,2,171.72
3359,1353,57,2,125.24
3360,1353,29,2,25.86
3361,1354,119,3,134.74
3362,1354,82,1,101.03
3363,1355,199,2,215.73
3364,1355,124,3,607.56
3365,1356,69,2,145.36
3366,1356,130,1,93.57
3367,1356,56,3,162.61
3368,1357,106,2,169.02
3369,1357,101,2,294.62
3370,1357,114,2,103.88
3371,1358,87,1,64.83
3372,1358,163,2,610.97
3373,1359,138,3,50.78
3374,1359,53,1,50.72
3375,1360,34,1,170.17
3376,1360,155,3,105.75
3377,1360,139,1,124.46
3378,1361,91,1,104.41
3379,1361,197,3,190.16
3380,1361,142,1,142.7
3381,1362,41,2,252.13
3382,1362,138,3,50.78
3383,1363,85,3,71.06
3384,1363,106,3,169.02
3385,1363,56,1,162.61
3386,1364,129,2,163.32
3387,1365,78,3,631.43
3388,1365,7,3,253.2
3389,1365,59,1,33.15
3390,1366,168,2,32.5
3391,1366,103,1,90.01
3392,1366,34,1,170.17
3393,1366,190,1,89.07
3394,1367,6,3,306.58
3395,1367,4,1,125.3
3396,1367,191,1,59.16
3397,1367,139,3,124.46
3398,1368,83,3,118.1
3399,1368,109,1,133.4
3400,1368,132,2,162.1
3401,1369,168,2,32.5
3402,1369,148,2,248.26
3403,1369,121,2,179.7
3404,1370,124,3,607.56
3405,1370,73,3,50.54
3406,1370,180,1,74.94
3407,1371,96,1,212.22
3408,1371,196,2,79.63
3409,1371,140,1,163.39
3410,1371,183,3,248.86
3411,1372,95,3,116.16
3412,1372,123,2,95.55
3413,1372,145,2,130.3
3414,1372,28,1,248.26
3415,1373,144,1,142.07
3416,1374,152,2,160.56
3417,1374,64,3,162.0
3418,1374,22,2,250.06
3419,1374,37,3,159.82
3420,1375,16,2,144.95
3421,1375,197,2,190.16
3422,1376,10,3,305.44
3423,1376,83,3,118.1
3424,1377,177,3,87.79
3425,1377,54,2,757.88
3426,1377,194,3,182.4
3427,1378,83,3,118.1
3428,1378,119,2,134.74
3429,1379,27,2,136.29
3430,1380,42,3,242.45
3431,1381,30,1,417.73
3432,1381,10,3,305.44
3433,1381,109,3,133.4
3434,1381,127,2,387.78
3435,1382,103,2,90.01
3436,1382,3,2,141.66
3437,1382,76,3,638.35
3438,1382,31,3,153.77
3439,1383,145,1,130.3
3440,1383,167,2,544.13
3441,1383,43,3,34.18
3442,1384,133,2,141.96
3443,1384,155,2,105.75
3444,1384,65,1,246.25
3445,1385,43,3,34.18
3446,1385,135,2,331.84
3447,1386,121,1,179.7
3448,1386,18,2,152.47
3449,1387,138,2,50.78
3450,1388,153,3,118.08
3451,1388,41,3,252.13
3452,1388,18,1,152.47
3453,1388,90,2,89.85
3454,1389,73,3,50.54
3455,1389,110,2,148.94
3456,1389,150,2,62.74
3457,1390,20,1,147.14
3458,1390,152,1,160.56
3459,1391,145,3,130.3
3460,1391,27,3,136.29
3461,1391,33,3,124.43
3462,1392,189,2,330.5
3463,1392,158,1,183.19
3464,1392,172,1,218.21
3465,1393,158,1,183.19
3466,1394,20,3,147.14
3467,1394,14,2,144.79
3468,1394,36,2,68.55
3469,1395,62,3,128.85
3470,1396,91,3,104.41
3471,1396,80,1,490.16
3472,1396,134,3,231.92
3473,1396,82,1,101.03
3474,1397,183,3,248.86
3475,1397,37,2,159.82
3476,1397,112,2,597.68
3477,1398,143,2,834.92
3478,1399,120,2,679.33
3479,1399,198,3,57.03
3480,1399,172,2,218.21
3481,1400,96,1,212.22
3482,1400,46,2,429.01
3483,1400,192,2,143.27
3484,1400,3,3,141.66
3485,1401,25,3,171.72
3486,1401,95,1,116.16
3487,1401,65,3,246.25
3488,1402,102,2,210.79
3489,1402,12,2,109.5
3490,1402,179,3,157.51
3491,1402,181,1,106.35
3492,1403,156,1,142.3
3493,1403,162,2,130.45
3494,1403,117,3,164.2
3495,1403,126,3,114.59
3496,1404,95,1,116.16
3497,1405,181,1,106.35
3498,1405,189,1,330.5
3499,1406,114,3,103.88
3500,1407,50,3,61.88
3501,1407,168,1,32.5
3502,1407,158,2,183.19
3503,1408,151,2,277.4
3504,1408,185,3,147.42
3505,1409,107,1,248.5
3506,1409,171,1,128.85
3507,1409,172,3,218.21
3508,1409,16,1,144.95
3509,1410,12,3,109.5
3510,1410,71,3,243.88
3511,1410,156,2,142.3
3512,1410,51,1,124.33
3513,1411,71,1,243.88
3514,1411,144,2,142.07
3515,1411,90,2,89.85
3516,1412,145,2,130.3
3517,1413,187,1,71.54
3518,1413,23,2,220.16
3519,1414,3,3,141.66
3520,1414,56,2,162.61
3521,1415,79,3,218.75
3522,1415,175,1,135.72
3523,1416,14,2,144.79
3524,1416,98,1,108.52
3525,1416,181,2,106.35
3526,1417,49,1,130.23
3527,1417,70,1,60.1
3528,1418,24,3,147.7
3529,1418,126,2,114.59
3530,1418,91,2,104.41
3531,1419,10,2,305.44
3532,1419,150,1,62.74
3533,1420,89,1,52.78
3534,1420,166,2,141.9
3535,1420,175,3,135.72
3536,1420,74,3,154.8
3537,1421,24,1,147.7
3538,1421,132,2,162.1
3539,1421,198,1,57.03
3540,1422,122,2,97.06
3541,1422,36,3,68.55
3542,1423,83,3,118.1
3543,1424,108,2,530.49
3544,1424,122,2,97.06
3545,1425,92,1,195.0
3546,1425,79,2,218.75
3547,1426,158,3,183.19
3548,1426,117,2,164.2
3549,1426,152,3,160.56
3550,1426,148,2,248.26
3551,1427,186,2,129.79
3552,1427,96,2,212.22
3553,1427,154,3,536.46
3554,1428,108,2,530.49
3555,1429,152,1,160.56
3556,1429,8,2,211.41
3557,1429,42,3,242.45
3558,1429,132,3,162.1
3559,1430,34,2,170.17
3560,1430,170,1,46.33
3561,1431,118,2,156.07
3562,1431,102,1,210.79
3563,1431,43,3,34.18
3564,1432,79,1,218.75
3565,1432,21,1,277.89
3566,1432,48,2,87.44
3567,1433,2,2,34.67
3568,1433,123,1,95.55
3569,1433,41,2,252.13
3570,1434,121,2,179.7
3571,1434,172,2,218.21
3572,1435,33,2,124.43
3573,1435,82,2,101.03
3574,1435,196,2,79.63
3575,1435,35,3,472.96
3576,1436,137,3,169.18
3577,1436,19,3,197.16
3578,1436,89,3,52.78
3579,1436,126,1,114.59
3580,1437,197,2,190.16
3581,1437,61,2,30.52
3582,1438,20,2,147.14
3583,1438,166,1,141.9
3584,1438,59,1,33.15
3585,1438,36,1,68.55
3586,1439,168,2,32.5
3587,1439,47,2,222.95
3588,1439,109,2,133.4
3589,1439,39,3,56.35
3590,1440,46,3,429.01
3591,1440,42,1,242.45
3592,1440,102,2,210.79
3593,1440,175,1,135.72
3594,1441,4,3,125.3
3595,1441,42,3,242.45
3596,1441,82,2,101.03
3597,1441,33,3,124.43
3598,1442,109,2,133.4
3599,1442,198,2,57.03
3600,1442,14,3,144.79
3601,1442,78,3,631.43
3602,1443,200,2,155.32
3603,1443,122,3,97.06
3604,1443,183,2,248.86
3605,1444,173,2,92.55
3606,1444,21,3,277.89
3607,1444,39,3,56.35
3608,1444,2,2,34.67
3609,1445,112,1,597.68
3610,1445,13,1,37.54
3611,1445,119,2,134.74
3612,1445,73,2,50.54
3613,1446,65,3,246.25
3614,1446,109,2,133.4
3615,1446,87,1,64.83
3616,1447,107,2,248.5
3617,1447,5,2,74.99
3618,1447,115,3,260.83
3619,1448,137,3,169.18
3620,1449,33,3,124.43
3621,1450,89,3,52.78
3622,1450,118,1,156.07
3623,1450,177,3,87.79
3624,1451,20,2,147.14
3625,1452,98,3,108.52
3626,1453,109,1,133.4
3627,1453,103,3,90.01
3628,1453,6,2,306.58
3629,1454,30,2,417.73
3630,1454,50,3,61.88
3631,1454,147,3,168.55
3632,1454,67,3,129.77
3633,1455,96,3,212.22
3634,1456,192,1,143.27
3635,1456,177,2,87.79
3636,1456,200,3,155.32
3637,1457,174,2,110.23
3638,1457,73,1,50.54
3639,1458,71,2,243.88
3640,1458,69,3,145.36
3641,1459,25,1,171.72
3642,1459,57,3,125.24
3643,1459,58,2,177.62
3644,1460,151,2,277.4
3645,1460,108,3,530.49
3646,1460,163,2,610.97
3647,1460,153,2,118.08
3648,1461,82,1,101.03
3649,1461,89,2,52.78
3650,1461,114,3,103.88
3651,1462,173,2,92.55
3652,1462,100,2,40.59
3653,1463,162,2,130.45
3654,1464,54,3,757.88
3655,1465,116,1,579.43
3656,1465,173,1,92.55
3657,1465,120,3,679.33
3658,1466,107,2,248.5
3659,1466,196,3,79.63
3660,1466,6,3,306.58
3661,1466,193,2,90.47
3662,1467,97,1,98.19
3663,1467,156,1,142.3
3664,1468,46,3,429.01
3665,1468,41,2,252.13
3666,1468,197,3,190.16
3667,1469,154,2,536.46
3668,1469,72,3,170.41
3669,1469,82,1,101.03
3670,1469,198,3,57.03
3671,1470,129,2,163.32
3672,1470,138,1,50.78
3673,1470,137,2,169.18
3674,1471,41,1,252.13
3675,1471,46,3,429.01
3676,1471,103,2,90.01
3677,1471,74,2,154.8
3678,1472,149,1,162.28
3679,1472,168,3,32.5
3680,1472,108,1,530.49
3681,1472,106,3,169.02
3682,1473,154,3,536.46
3683,1474,157,3,143.59
3684,1474,64,3,162.0
3685,1474,43,2,34.18
3686,1475,191,3,59.16
3687,1476,42,2,242.45
3688,1476,118,3,156.07
3689,1477,83,2,118.1
3690,1477,34,1,170.17
3691,1478,118,2,156.07
3692,1478,63,1,68.8
3693,1478,176,1,161.87
3694,1478,155,2,105.75
3695,1479,41,3,252.13
3696,1479,63,1,68.8
3697,1479,119,1,134.74
3698,1480,134,2,231.92
3699,1480,121,2,179.7
3700,1480,99,3,201.6
3701,1480,19,3,197.16
3702,1481,113,2,205.42
3703,1482,186,2,129.79
3704,1482,197,3,190.16
3705,1482,11,3,37.79
3706,1482,94,3,135.72
3707,1483,38,2,75.0
3708,1484,185,1,147.42
3709,1485,63,1,68.8
3710,1485,124,2,607.56
3711,1486,118,3,156.07
3712,1487,76,2,638.35
3713,1487,177,2,87.79
3714,1487,114,3,103.88
3715,1488,195,1,376.32
3716,1489,95,2,116.16
3717,1489,145,3,130.3
3718,1490,146,2,156.95
3719,1490,163,2,610.97
3720,1491,191,1,59.16
3721,1491,178,1,850.94
3722,1492,164,1,48.38
3723,1492,59,3,33.15
3724,1492,8,2,211.41
3725,1493,185,3,147.42
3726,1493,131,2,145.42
3727,1493,191,2,59.16
3728,1494,165,3,461.88
3729,1494,40,2,133.93
3730,1494,151,3,277.4
3731,1495,135,1,331.84
3732,1495,124,2,607.56
3733,1496,88,1,87.24
3734,1497,156,1,142.3
3735,1497,200,3,155.32
3736,1497,187,1,71.54
3737,1498,192,3,143.27
3738,1499,171,3,128.85
3739,1499,9,1,185.88
3740,1499,103,2,90.01
3741,1500,15,2,66.6
3742,1501,190,3,89.07
3743,1501,47,1,222.95
3744,1501,177,1,87.79
3745,1502,156,2,142.3
3746,1503,188,1,95.15
3747,1503,17,3,128.52
3748,1504,150,3,62.74
3749,1504,195,2,376.32
3750,1505,163,2,610.97
3751,1505,19,1,197.16
3752,1505,51,2,124.33
3753,1506,154,2,536.46
3754,1506,125,3,96.97
3755,1507,200,3,155.32
3756,1507,165,3,461.88
3757,1507,50,2,61.88
3758,1507,151,1,277.4
3759,1508,127,2,387.78
3760,1508,162,3,130.45
3761,1508,46,2,429.01
3762,1509,68,2,46.35
3763,1509,137,2,169.18
3764,1509,64,3,162.0
3765,1510,29,1,25.86
3766,1510,194,2,182.4
3767,1510,47,3,222.95
3768,1510,125,2,96.97
3769,1511,173,2,92.55
3770,1511,78,3,631.43
3771,1511,25,3,171.72
3772,1511,114,3,103.88
3773,1512,55,3,203.53
3774,1512,79,2,218.75
3775,1513,176,2,161.87
3776,1514,83,1,118.1
3777,1514,41,2,252.13
3778,1515,84,2,211.71
3779,1515,133,3,141.96
3780,1516,59,2,33.15
3781,1516,68,2,46.35
3782,1516,121,1,179.7
3783,1517,116,3,579.43
3784,1517,79,2,218.75
3785,1517,109,2,133.4
3786,1518,105,2,72.34
3787,1519,197,1,190.16
3788,1519,71,1,243.88
3789,1519,5,3,74.99
3790,1519,181,3,106.35
3791,1520,83,2,118.1
3792,1521,56,3,162.61
3793,1521,159,2,124.59
3794,1522,42,3,242.45
3795,1522,84,2,211.71
3796,1523,200,3,155.32
3797,1524,64,2,162.0
3798,1524,72,1,170.41
3799,1524,156,1,142.3
3800,1524,151,1,277.4
3801,1525,113,2,205.42
3802,1525,73,1,50.54
3803,1525,29,3,25.86
3804,1526,39,1,56.35
3805,1526,151,3,277.4
3806,1526,77,1,99.69
3807,1526,147,2,168.55
3808,1527,143,3,834.92
3809,1527,136,1,628.46
3810,1527,75,1,33.0
3811,1528,93,3,35.84
3812,1528,198,1,57.03
3813,1528,115,1,260.83
3814,1529,86,3,117.44
3815,1529,51,2,124.33
3816,1529,174,2,110.23
3817,1530,31,2,153.77
3818,1530,165,2,461.88
3819,1531,136,1,628.46
3820,1532,5,1,74.99
3821,1532,145,3,130.3
3822,1532,112,2,597.68
3823,1533,163,1,610.97
3824,1533,18,3,152.47
3825,1533,189,1,330.5
3826,1534,132,3,162.1
3827,1534,23,2,220.16
3828,1535,197,3,190.16
3829,1536,116,2,579.43
3830,1536,190,1,89.07
3831,1536,39,1,56.35
3832,1536,167,3,544.13
3833,1537,6,1,306.58
3834,1537,103,3,90.01
3835,1537,148,2,248.26
3836,1537,76,1,638.35
3837,1538,67,3,129.77
3838,1538,58,3,177.62
3839,1539,198,2,57.03
3840,1539,148,3,248.26
3841,1540,53,1,50.72
3842,1540,79,1,218.75
3843,1541,139,1,124.46
3844,1541,90,2,89.85
3845,1542,52,1,52.03
3846,1542,78,2,631.43
3847,1543,7,1,253.2
3848,1543,36,2,68.55
3849,1543,113,1,205.42
3850,1544,98,2,108.52
3851,1544,13,2,37.54
3852,1545,24,1,147.7
3853,1546,42,1,242.45
3854,1547,192,1,143.27
3855,1547,82,1,101.03
3856,1547,107,1,248.5
3857,1548,131,1,145.42
3858,1548,29,1,25.86
3859,1548,117,2,164.2
3860,1549,93,2,35.84
3861,1549,80,3,490.16
3862,1549,17,2,128.52
3863,1550,167,3,544.13
3864,1551,71,3,243.88
3865,1552,37,1,159.82
3866,1553,36,2,68.55
3867,1553,178,1,850.94
3868,1554,96,1,212.22
3869,1554,159,2,124.59
3870,1554,107,1,248.5
3871,1555,190,1,89.07
3872,1555,172,2,218.21
3873,1556,8,1,211.41
3874,1556,128,2,136.05
3875,1557,8,1,211.41
3876,1557,7,2,253.2
3877,1557,85,1,71.06
3878,1558,12,3,109.5
3879,1558,139,3,124.46
3880,1558,97,3,98.19
3881,1558,196,1,79.63
3882,1559,24,1,147.7
3883,1559,108,1,530.49
3884,1560,35,2,472.96
3885,1560,155,2,105.75
3886,1560,164,2,48.38
3887,1560,1,2,133.65
3888,1561,158,1,183.19
3889,1561,172,2,218.21
3890,1561,184,2,159.18
3891,1562,33,3,124.43
3892,1562,57,1,125.24
3893,1563,169,3,152.6
3894,1563,22,1,250.06
3895,1564,64,1,162.0
3896,1565,85,3,71.06
3897,1565,182,3,640.15
3898,1565,119,3,134.74
3899,1566,84,2,211.71
3900,1566,109,3,133.4
3901,1567,162,1,130.45
3902,1567,13,1,37.54
3903,1567,51,3,124.33
3904,1567,47,1,222.95
3905,1568,83,2,118.1
3906,1568,3,2,141.66
3907,1568,147,1,168.55
3908,1568,124,3,607.56
3909,1569,116,2,579.43
3910,1569,55,3,203.53
3911,1569,117,2,164.2
3912,1569,160,1,650.84
3913,1570,87,2,64.83
3914,1570,48,2,87.44
3915,1570,66,3,142.85
3916,1571,196,1,79.63
3917,1571,133,2,141.96
3918,1571,68,2,46.35
3919,1572,25,2,171.72
3920,1572,59,1,33.15
3921,1573,89,2,52.78
3922,1573,79,2,218.75
3923,1574,130,1,93.57
3924,1575,37,1,159.82
3925,1575,175,1,135.72
3926,1576,145,3,130.3
3927,1576,136,1,628.46
3928,1577,178,1,850.94
3929,1577,136,2,628.46
3930,1578,193,1,90.47
3931,1578,184,3,159.18
3932,1579,52,2,52.03
3933,1579,72,2,170.41
3934,1579,13,3,37.54
3935,1579,103,2,90.01
3936,1580,185,1,147.42
3937,1580,77,1,99.69
3938,1581,54,3,757.88
3939,1581,188,1,95.15
3940,1581,157,1,143.59
3941,1582,42,1,242.45
3942,1582,196,3,79.63
3943,1582,63,2,68.8
3944,1582,101,2,294.62
3945,1583,58,2,177.62
3946,1584,186,3,129.79
3947,1585,53,1,50.72
3948,1585,114,3,103.88
3949,1586,134,2,231.92
3950,1587,60,1,94.78
3951,1587,170,3,46.33
3952,1587,113,3,205.42
3953,1587,77,3,99.69
3954,1588,70,2,60.1
3955,1588,11,1,37.79
3956,1588,98,3,108.52
3957,1589,195,1,376.32
3958,1589,75,1,33.0
3959,1589,58,3,177.62
3960,1589,134,3,231.92
3961,1590,171,3,128.85
3962,1590,127,2,387.78
3963,1591,186,2,129.79
3964,1591,188,3,95.15
3965,1591,71,3,243.88
3966,1592,22,3,250.06
3967,1592,4,2,125.3
3968,1592,26,1,89.99
3969,1593,171,3,128.85
3970,1593,69,2,145.36
3971,1593,27,3,136.29
3972,1593,200,3,155.32
3973,1594,11,3,37.79
3974,1594,155,1,105.75
3975,1594,28,3,248.26
3976,1594,152,1,160.56
3977,1595,93,3,35.84
3978,1595,149,3,162.28
3979,1596,89,3,52.78
3980,1597,103,3,90.01
3981,1598,56,3,162.61
3982,1599,75,2,33.0
3983,1600,92,2,195.0
3984,1600,175,1,135.72
3985,1600,89,2,52.78
3986,1601,179,1,157.51
3987,1601,163,1,610.97
3988,1601,68,3,46.35
3989,1601,197,3,190.16
3990,1602,200,1,155.32
3991,1602,45,2,140.76
3992,1602,128,2,136.05
3993,1603,79,1,218.75
3994,1603,26,3,89.99
3995,1603,185,2,147.42
3996,1604,194,1,182.4
3997,1604,98,2,108.52
3998,1605,113,1,205.42
3999,1605,93,1,35.84
4000,1605,194,2,182.4
4001,1606,130,3,93.57
4002,1606,180,2,74.94
4003,1606,165,3,461.88
4004,1607,51,1,124.33
4005,1608,68,3,46.35
4006,1608,38,2,75.0
4007,1608,184,2,159.18
4008,1608,88,1,87.24
4009,1609,158,2,183.19
4010,1609,146,1,156.95
4011,1609,22,2,250.06
4012,1610,171,1,128.85
4013,1610,71,2,243.88
4014,1611,63,2,68.8
4015,1611,58,3,177.62
4016,1612,63,2,68.8
4017,1612,6,2,306.58
4018,1612,157,2,143.59
4019,1613,106,3,169.02
4020,1613,48,3,87.44
4021,1614,181,2,106.35
4022,1614,94,2,135.72
4023,1614,68,2,46.35
4024,1615,82,2,101.03
4025,1615,139,1,124.46
4026,1616,138,1,50.78
4027,1616,149,1,162.28
4028,1617,138,1,50.78
4029,1617,81,3,479.7
4030,1617,27,2,136.29
4031,1617,155,3,105.75
4032,1618,120,3,679.33
4033,1618,69,1,145.36
4034,1619,17,2,128.52
4035,1619,44,3,178.91
4036,1619,6,3,306.58
4037,1619,144,1,142.07
4038,1620,17,2,128.52
4039,1620,175,1,135.72
4040,1621,187,3,71.54
4041,1621,8,2,211.41
4042,1621,183,2,248.86
4043,1622,56,3,162.61
4044,1622,170,3,46.33
4045,1622,116,3,579.43
4046,1622,80,2,490.16
4047,1623,37,3,159.82
4048,1623,197,2,190.16
4049,1623,139,1,124.46
4050,1623,175,3,135.72
4051,1624,199,1,215.73
4052,1625,188,1,95.15
4053,1625,50,3,61.88
4054,1626,8,2,211.41
4055,1626,167,3,544.13
4056,1627,147,2,168.55
4057,1627,180,2,74.94
4058,1627,176,3,161.87
4059,1627,100,2,40.59
4060,1628,25,2,171.72
4061,1628,80,1,490.16
4062,1629,24,1,147.7
4063,1629,48,1,87.44
4064,1629,67,2,129.77
4065,1629,103,3,90.01
4066,1630,135,2,331.84
4067,1631,143,1,834.92
4068,1632,136,1,628.46
4069,1633,146,3,156.95
4070,1634,49,3,130.23
4071,1634,163,2,610.97
4072,1635,175,1,135.72
4073,1636,181,1,106.35
4074,1636,198,2,57.03
4075,1636,46,1,429.01
4076,1636,130,3,93.57
4077,1637,80,2,490.16
4078,1638,26,1,89.99
4079,1638,128,3,136.05
4080,1639,117,2,164.2
4081,1639,169,2,152.6
4082,1639,141,1,193.34
4083,1640,94,1,135.72
4084,1640,37,2,159.82
4085,1641,16,3,144.95
4086,1641,123,3,95.55
4087,1641,169,1,152.6
4088,1642,135,3,331.84
4089,1642,145,3,130.3
4090,1642,148,3,248.26
4091,1643,73,1,50.54
4092,1643,83,2,118.1
4093,1644,104,2,272.67
4094,1644,112,1,597.68
4095,1644,97,2,98.19
4096,1644,22,1,250.06
4097,1645,79,3,218.75
4098,1645,128,3,136.05
4099,1645,198,1,57.03
4100,1645,74,3,154.8
4101,1646,151,3,277.4
4102,1646,192,1,143.27
4103,1646,147,3,168.55
4104,1647,13,2,37.54
4105,1648,176,2,161.87
4106,1649,175,1,135.72
4107,1649,179,1,157.51
4108,1649,12,2,109.5
4109,1650,19,2,197.16
4110,1650,183,1,248.86
4111,1650,53,3,50.72
4112,1651,53,1,50.72
4113,1651,177,1,87.79
4114,1651,30,3,417.73
4115,1651,75,2,33.0
4116,1652,96,1,212.22
4117,1652,103,1,90.01
4118,1653,109,3,133.4
4119,1653,175,3,135.72
4120,1653,147,2,168.55
4121,1654,105,2,72.34
4122,1654,177,2,87.79
4123,1654,3,2,141.66
4124,1655,200,2,155.32
4125,1655,125,3,96.97
4126,1656,179,2,157.51
4127,1657,164,1,48.38
4128,1658,47,3,222.95
4129,1659,175,2,135.72
4130,1659,184,2,159.18
4131,1659,178,3,850.94
4132,1660,28,2,248.26
4133,1660,195,1,376.32
4134,1660,31,1,153.77
4135,1661,33,1,124.43
4136,1661,133,2,141.96
4137,1662,100,1,40.59
4138,1663,112,2,597.68
4139,1663,158,2,183.19
4140,1664,170,3,46.33
4141,1665,186,1,129.79
4142,1665,82,3,101.03
4143,1666,65,2,246.25
4144,1666,45,1,140.76
4145,1666,90,3,89.85
4146,1667,130,1,93.57
4147,1667,17,3,128.52
4148,1667,58,1,177.62
4149,1668,113,1,205.42
4150,1669,143,3,834.92
4151,1669,42,2,242.45
4152,1669,37,1,159.82
4153,1670,159,3,124.59
4154,1671,10,3,305.44
4155,1671,37,1,159.82
4156,1671,27,1,136.29
4157,1672,197,3,190.16
4158,1672,146,1,156.95
4159,1672,31,3,153.77
4160,1672,58,3,177.62
4161,1673,73,2,50.54
4162,1673,176,3,161.87
4163,1673,158,1,183.19
4164,1673,100,3,40.59
4165,1674,123,2,95.55
4166,1674,40,1,133.93
4167,1674,117,1,164.2
4168,1674,138,2,50.78
4169,1675,42,1,242.45
4170,1675,95,2,116.16
4171,1675,190,2,89.07
4172,1676,103,3,90.01
4173,1676,33,2,124.43
4174,1677,107,2,248.5
4175,1677,118,2,156.07
4176,1677,188,2,95.15
4177,1677,116,2,579.43
4178,1678,186,1,129.79
4179,1678,136,1,628.46
4180,1679,187,3,71.54
4181,1679,169,2,152.6
4182,1680,165,2,461.88
4183,1680,79,1,218.75
4184,1680,55,2,203.53
4185,1681,199,1,215.73
4186,1681,160,1,650.84
4187,1681,106,1,169.02
4188,1682,133,1,141.96
4189,1682,111,3,587.78
4190,1682,47,1,222.95
4191,1682,114,2,103.88
4192,1683,165,3,461.88
4193,1683,103,1,90.01
4194,1684,190,2,89.07
4195,1684,34,2,170.17
4196,1685,174,1,110.23
4197,1686,14,2,144.79
4198,1687,191,1,59.16
4199,1687,39,2,56.35
4200,1688,150,2,62.74
4201,1688,115,3,260.83
4202,1688,122,1,97.06
4203,1689,39,2,56.35
4204,1689,42,1,242.45
4205,1690,41,2,252.13
4206,1690,144,3,142.07
4207,1690,142,2,142.7
4208,1690,161,3,110.81
4209,1691,170,1,46.33
4210,1692,98,2,108.52
4211,1692,122,2,97.06
4212,1693,113,1,205.42
4213,1693,150,2,62.74
4214,1693,147,1,168.55
4215,1694,87,1,64.83
4216,1694,22,1,250.06
4217,1694,95,1,116.16
4218,1695,29,1,25.86
4219,1695,172,3,218.21
4220,1696,155,3,105.75
4221,1696,127,3,387.78
4222,1696,5,2,74.99
4223,1697,132,3,162.1
4224,1697,72,1,170.41
4225,1698,167,1,544.13
4226,1699,87,3,64.83
4227,1699,11,2,37.79
4228,1699,70,3,60.1
4229,1699,192,1,143.27
4230,1700,189,3,330.5
4231,1701,98,3,108.52
4232,1701,100,2,40.59
4233,1701,10,3,305.44
4234,1701,178,2,850.94
4235,1702,105,2,72.34
4236,1702,182,3,640.15
4237,1702,88,2,87.24
4238,1702,34,3,170.17
4239,1703,116,3,579.43
4240,1704,131,1,145.42
4241,1704,30,1,417.73
4242,1704,6,1,306.58
4243,1705,147,1,168.55
4244,1705,61,1,30.52
4245,1706,159,3,124.59
4246,1706,19,3,197.16
4247,1706,40,2,133.93
4248,1707,157,1,143.59
4249,1708,48,1,87.44
4250,1709,111,3,587.78
4251,1710,100,2,40.59
4252,1711,182,3,640.15
4253,1711,127,3,387.78
4254,1712,114,1,103.88
4255,1713,68,3,46.35
4256,1713,37,3,159.82
4257,1714,49,1,130.23
4258,1715,102,3,210.79
4259,1715,163,2,610.97
4260,1716,56,2,162.61
4261,1716,110,3,148.94
4262,1716,65,1,246.25
4263,1717,73,1,50.54
4264,1717,194,1,182.4
4265,1717,42,1,242.45
4266,1718,159,2,124.59
4267,1719,4,2,125.3
4268,1719,191,3,59.16
4269,1719,173,2,92.55
4270,1719,23,3,220.16
4271,1720,187,2,71.54
4272,1720,82,3,101.03
4273,1720,116,2,579.43
4274,1721,140,1,163.39
4275,1721,191,3,59.16
4276,1721,49,1,130.23
4277,1722,119,1,134.74
4278,1722,84,1,211.71
4279,1722,104,3,272.67
4280,1722,116,2,579.43
4281,1723,82,3,101.03
4282,1723,98,1,108.52
4283,1724,39,1,56.35
4284,1724,152,1,160.56
4285,1725,70,1,60.1
4286,1725,87,1,64.83
4287,1726,59,3,33.15
4288,1726,49,3,130.23
4289,1726,125,2,96.97
4290,1727,171,1,128.85
4291,1727,16,2,144.95
4292,1727,91,3,104.41
4293,1727,28,2,248.26
4294,1728,56,2,162.61
4295,1728,107,3,248.5
4296,1728,126,1,114.59
4297,1728,4,2,125.3
4298,1729,157,3,143.59
4299,1729,32,2,208.93
4300,1729,154,2,536.46
4301,1729,34,3,170.17
4302,1730,95,2,116.16
4303,1730,145,1,130.3
4304,1731,54,3,757.88
4305,1731,84,1,211.71
4306,1732,163,3,610.97
4307,1732,122,2,97.06
4308,1732,72,3,170.41
4309,1733,83,3,118.1
4310,1733,162,1,130.45
4311,1734,126,2,114.59
4312,1734,145,1,130.3
4313,1735,193,1,90.47
4314,1735,38,3,75.0
4315,1735,160,2,650.84
4316,1735,83,2,118.1
4317,1736,18,1,152.47
4318,1736,116,2,579.43
4319,1736,100,3,40.59
4320,1737,64,2,162.0
4321,1737,58,2,177.62
4322,1737,163,3,610.97
4323,1737,1,2,133.65
4324,1738,125,3,96.97
4325,1738,81,1,479.7
4326,1738,155,3,105.75
4327,1739,76,3,638.35
4328,1740,64,3,162.0
4329,1740,97,1,98.19
4330,1740,109,2,133.4
4331,1741,8,3,211.41
4332,1742,120,2,679.33
4333,1742,199,3,215.73
4334,1742,38,2,75.0
4335,1743,28,2,248.26
4336,1743,71,1,243.88
4337,1743,117,3,164.2
4338,1744,83,1,118.1
4339,1744,5,1,74.99
4340,1745,37,2,159.82
4341,1745,81,3,479.7
4342,1745,185,1,147.42
4343,1746,46,1,429.01
4344,1746,84,3,211.71
4345,1746,157,2,143.59
4346,1746,195,2,376.32
4347,1747,186,3,129.79
4348,1748,36,1,68.55
4349,1749,24,2,147.7
4350,1749,194,2,182.4
4351,1750,127,2,387.78
4352,1751,178,1,850.94
4353,1751,40,2,133.93
4354,1751,141,1,193.34
4355,1751,23,1,220.16
4356,1752,59,3,33.15
4357,1752,62,3,128.85
4358,1752,15,3,66.6
4359,1753,123,1,95.55
4360,1753,11,1,37.79
4361,1754,129,2,163.32
4362,1754,82,2,101.03
4363,1755,131,2,145.42
4364,1756,141,3,193.34
4365,1756,18,1,152.47
4366,1756,11,1,37.79
4367,1756,52,1,52.03
4368,1757,149,2,162.28
4369,1758,102,1,210.79
4370,1758,55,3,203.53
4371,1759,69,3,145.36
4372,1759,143,2,834.92
4373,1759,96,1,212.22
4374,1760,86,2,117.44
4375,1760,51,2,124.33
4376,1760,84,1,211.71
4377,1761,155,2,105.75
4378,1761,167,1,544.13
4379,1761,172,1,218.21
4380,1761,132,1,162.1
4381,1762,52,3,52.03
4382,1762,195,3,376.32
4383,1763,152,2,160.56
4384,1763,78,2,631.43
4385,1764,56,2,162.61
4386,1764,131,1,145.42
4387,1764,7,1,253.2
4388,1765,128,2,136.05
4389,1765,185,3,147.42
4390,1766,126,3,114.59
4391,1766,123,3,95.55
4392,1767,20,1,147.14
4393,1767,158,1,183.19
4394,1768,71,1,243.88
4395,1769,25,2,171.72
4396,1769,14,1,144.79
4397,1770,20,3,147.14
4398,1770,72,1,170.41
4399,1770,107,2,248.5
4400,1771,37,1,159.82
4401,1771,68,1,46.35
4402,1771,117,3,164.2
4403,1772,122,1,97.06
4404,1773,117,3,164.2
4405,1773,149,3,162.28
4406,1774,17,1,128.52
4407,1774,188,1,95.15
4408,1774,178,2,850.94
4409,1774,40,3,133.93
4410,1775,120,3,679.33
4411,1775,106,1,169.02
4412,1775,45,3,140.76
4413,1775,4,1,125.3
4414,1776,185,2,147.42
4415,1776,123,1,95.55
4416,1776,52,3,52.03
4417,1777,61,2,30.52
4418,1777,177,1,87.79
4419,1778,144,3,142.07
4420,1778,180,3,74.94
4421,1778,126,1,114.59
4422,1778,60,2,94.78
4423,1779,121,3,179.7
4424,1779,140,2,163.39
4425,1779,42,3,242.45
4426,1779,96,3,212.22
4427,1780,105,2,72.34
4428,1780,45,2,140.76
4429,1780,149,2,162.28
4430,1781,173,2,92.55
4431,1781,139,1,124.46
4432,1781,105,3,72.34
4433,1781,93,2,35.84
4434,1782,116,1,579.43
4435,1782,193,1,90.47
4436,1782,139,2,124.46
4437,1782,175,3,135.72
4438,1783,154,3,536.46
4439,1783,88,3,87.24
4440,1784,53,2,50.72
4441,1784,178,1,850.94
4442,1785,134,1,231.92
4443,1786,190,3,89.07
4444,1786,59,3,33.15
4445,1787,188,2,95.15
4446,1787,96,3,212.22
4447,1787,141,3,193.34
4448,1788,192,1,143.27
4449,1788,105,1,72.34
4450,1788,177,3,87.79
4451,1789,184,3,159.18
4452,1789,1,1,133.65
4453,1790,62,2,128.85
4454,1790,194,1,182.4
4455,1790,104,3,272.67
4456,1791,5,1,74.99
4457,1792,18,2,152.47
4458,1793,92,3,195.0
4459,1793,170,3,46.33
4460,1793,104,2,272.67
4461,1793,3,2,141.66
4462,1794,159,3,124.59
4463,1794,151,3,277.4
4464,1794,123,1,95.55
4465,1794,163,3,610.97
4466,1795,82,3,101.03
4467,1795,90,2,89.85
4468,1795,8,2,211.41
4469,1795,66,3,142.85
4470,1796,176,2,161.87
4471,1796,126,1,114.59
4472,1796,7,2,253.2
4473,1797,65,1,246.25
4474,1797,140,3,163.39
4475,1797,24,3,147.7
4476,1797,22,3,250.06
4477,1798,62,1,128.85
4478,1798,155,2,105.75
4479,1798,121,2,179.7
4480,1799,158,1,183.19
4481,1799,106,1,169.02
4482,1800,130,2,93.57
4483,1801,179,3,157.51
4484,1801,145,3,130.3
4485,1801,100,3,40.59
4486,1802,45,1,140.76
4487,1802,116,2,579.43
4488,1802,76,3,638.35
4489,1802,42,2,242.45
4490,1803,51,2,124.33
4491,1804,198,1,57.03
4492,1804,97,2,98.19
4493,1805,59,1,33.15
4494,1805,183,1,248.86
4495,1805,114,1,103.88
4496,1805,180,1,74.94
4497,1806,113,2,205.42
4498,1807,182,3,640.15
4499,1808,108,2,530.49
4500,1809,18,3,152.47
4501,1809,17,2,128.52
4502,1809,23,2,220.16
4503,1809,68,2,46.35
4504,1810,31,1,153.77
4505,1810,7,1,253.2
4506,1811,169,2,152.6
4507,1811,140,2,163.39
4508,1811,96,1,212.22
4509,1811,143,3,834.92
4510,1812,60,1,94.78
4511,1813,3,1,141.66
4512,1813,96,1,212.22
4513,1813,16,3,144.95
4514,1813,131,3,145.42
4515,1814,36,2,68.55
4516,1814,82,1,101.03
4517,1814,63,1,68.8
4518,1815,26,2,89.99
4519,1815,45,3,140.76
4520,1816,171,3,128.85
4521,1816,33,1,124.43
4522,1817,145,1,130.3
4523,1818,58,1,177.62
4524,1818,68,2,46.35
4525,1818,105,1,72.34
4526,1819,50,3,61.88
4527,1820,116,1,579.43
4528,1820,156,2,142.3
4529,1820,58,3,177.62
4530,1820,192,3,143.27
4531,1821,62,3,128.85
4532,1821,154,2,536.46
4533,1822,107,1,248.5
4534,1823,95,2,116.16
4535,1824,78,2,631.43
4536,1824,138,2,50.78
4537,1824,155,2,105.75
4538,1825,121,1,179.7
4539,1825,87,3,64.83
4540,1826,65,3,246.25
4541,1827,153,2,118.08
4542,1827,132,2,162.1
4543,1827,59,1,33.15
4544,1828,86,3,117.44
4545,1828,133,2,141.96
4546,1829,197,1,190.16
4547,1829,157,3,143.59
4548,1830,183,2,248.86
4549,1830,139,1,124.46
4550,1830,142,2,142.7
4551,1831,164,3,48.38
4552,1831,64,3,162.0
4553,1831,53,2,50.72
4554,1832,96,3,212.22
4555,1832,63,2,68.8
4556,1832,101,3,294.62
4557,1832,124,2,607.56
4558,1833,65,1,246.25
4559,1834,1,2,133.65
4560,1834,18,2,152.47
4561,1834,49,3,130.23
4562,1834,66,3,142.85
4563,1835,51,3,124.33
4564,1835,69,2,145.36
4565,1835,14,3,144.79
4566,1835,110,1,148.94
4567,1836,36,1,68.55
4568,1837,18,2,152.47
4569,1838,25,3,171.72
4570,1838,191,2,59.16
4571,1839,3,1,141.66
4572,1840,73,1,50.54
4573,1840,111,1,587.78
4574,1840,62,3,128.85
4575,1841,61,3,30.52
4576,1841,39,3,56.35
4577,1841,6,2,306.58
4578,1842,139,1,124.46
4579,1842,158,1,183.19
4580,1843,125,1,96.97
4581,1843,32,2,208.93
4582,1843,25,1,171.72
4583,1844,57,1,125.24
4584,1844,72,1,170.41
4585,1845,115,1,260.83
4586,1845,55,2,203.53
4587,1845,60,3,94.78
4588,1845,26,2,89.99
4589,1846,6,1,306.58
4590,1846,139,3,124.46
4591,1846,196,2,79.63
4592,1846,70,2,60.1
4593,1847,83,3,118.1
4594,1847,6,3,306.58
4595,1847,128,2,136.05
4596,1848,37,3,159.82
4597,1848,181,3,106.35
4598,1848,20,3,147.14
4599,1849,56,2,162.61
4600,1849,81,2,479.7
4601,1850,98,2,108.52
4602,1850,154,1,536.46
4603,1851,166,1,141.9
4604,1851,179,2,157.51
4605,1852,147,1,168.55
4606,1852,89,2,52.78
4607,1852,93,2,35.84
4608,1852,98,3,108.52
4609,1853,112,2,597.68
4610,1854,123,1,95.55
4611,1854,41,3,252.13
4612,1854,44,3,178.91
4613,1855,98,2,108.52
4614,1856,24,3,147.7
4615,1856,158,3,183.19
4616,1857,116,1,579.43
4617,1857,39,2,56.35
4618,1857,76,2,638.35
4619,1858,105,1,72.34
4620,1858,80,3,490.16
4621,1859,147,3,168.55
4622,1860,74,2,154.8
4623,1860,141,2,193.34
4624,1861,155,1,105.75
4625,1861,183,1,248.86
4626,1862,200,2,155.32
4627,1863,40,1,133.93
4628,1863,137,1,169.18
4629,1864,132,3,162.1
4630,1864,6,1,306.58
4631,1864,129,2,163.32
4632,1865,34,3,170.17
4633,1865,62,2,128.85
4634,1866,117,3,164.2
4635,1866,45,1,140.76
4636,1867,18,2,152.47
4637,1868,174,3,110.23
4638,1868,194,3,182.4
4639,1868,102,2,210.79
4640,1868,141,3,193.34
4641,1869,156,3,142.3
4642,1869,148,2,248.26
4643,1869,184,2,159.18
4644,1870,129,1,163.32
4645,1870,128,1,136.05
4646,1871,30,2,417.73
4647,1871,155,2,105.75
4648,1871,106,2,169.02
4649,1872,193,1,90.47
4650,1872,5,2,74.99
4651,1873,152,3,160.56
4652,1873,195,2,376.32
4653,1873,192,2,143.27
4654,1873,36,1,68.55
4655,1874,65,3,246.25
4656,1874,125,2,96.97
4657,1874,103,2,90.01
4658,1874,120,1,679.33
4659,1875,38,1,75.0
4660,1875,164,2,48.38
4661,1876,168,2,32.5
4662,1876,111,2,587.78
4663,1876,20,3,147.14
4664,1876,154,3,536.46
4665,1877,91,2,104.41
4666,1878,3,1,141.66
4667,1878,26,3,89.99
4668,1879,131,1,145.42
4669,1880,104,2,272.67
4670,1880,86,3,117.44
4671,1880,157,2,143.59
4672,1880,118,2,156.07
4673,1881,113,2,205.42
4674,1882,40,2,133.93
4675,1883,37,1,159.82
4676,1883,196,3,79.63
4677,1883,51,2,124.33
4678,1884,78,1,631.43
4679,1885,107,2,248.5
4680,1885,39,3,56.35
4681,1886,17,1,128.52
4682,1887,17,3,128.52
4683,1887,57,2,125.24
4684,1887,120,1,679.33
4685,1887,43,1,34.18
4686,1888,121,3,179.7
4687,1888,67,3,129.77
4688,1888,148,3,248.26
4689,1889,171,3,128.85
4690,1889,175,3,135.72
4691,1890,58,2,177.62
4692,1890,6,2,306.58
4693,1891,128,1,136.05
4694,1891,186,3,129.79
4695,1891,104,2,272.67
4696,1892,38,3,75.0
4697,1893,64,1,162.0
4698,1893,119,1,134.74
4699,1894,191,2,59.16
4700,1894,103,2,90.01
4701,1894,108,1,530.49
4702,1894,146,1,156.95
4703,1895,199,2,215.73
4704,1896,104,2,272.67
4705,1896,111,1,587.78
4706,1896,40,2,133.93
4707,1896,107,2,248.5
4708,1897,102,2,210.79
4709,1897,151,1,277.4
4710,1897,55,2,203.53
4711,1897,104,1,272.67
4712,1898,41,3,252.13
4713,1898,154,2,536.46
4714,1898,84,1,211.71
4715,1899,39,3,56.35
4716,1900,14,2,144.79
4717,1900,1,1,133.65
4718,1901,171,1,128.85
4719,1901,147,1,168.55
4720,1901,23,2,220.16
4721,1902,11,3,37.79
4722,1903,44,2,178.91
4723,1903,101,1,294.62
4724,1904,157,2,143.59
4725,1905,41,3,252.13
4726,1905,165,3,461.88
4727,1905,199,1,215.73
4728,1906,9,3,185.88
4729,1906,101,1,294.62
4730,1906,87,3,64.83
4731,1907,131,3,145.42
4732,1907,79,3,218.75
4733,1907,76,2,638.35
4734,1908,80,2,490.16
4735,1908,171,1,128.85
4736,1909,10,1,305.44
4737,1909,21,3,277.89
4738,1910,33,2,124.43
4739,1910,39,2,56.35
4740,1910,186,3,129.79
4741,1910,19,2,197.16
4742,1911,105,3,72.34
4743,1911,32,3,208.93
4744,1911,165,3,461.88
4745,1911,172,3,218.21
4746,1912,122,1,97.06
4747,1912,168,2,32.5
4748,1913,13,1,37.54
4749,1914,100,2,40.59
4750,1914,48,3,87.44
4751,1914,128,2,136.05
4752,1915,35,2,472.96
4753,1915,84,3,211.71
4754,1915,191,2,59.16
4755,1915,182,3,640.15
4756,1916,65,1,246.25
4757,1916,107,2,248.5
4758,1917,11,1,37.79
4759,1917,36,3,68.55
4760,1918,185,2,147.42
4761,1918,47,1,222.95
4762,1919,158,1,183.19
4763,1919,96,1,212.22
4764,1919,87,2,64.83
4765,1920,55,2,203.53
4766,1920,38,3,75.0
4767,1921,136,3,628.46
4768,1921,101,3,294.62
4769,1921,152,1,160.56
4770,1922,117,3,164.2
4771,1923,12,2,109.5
4772,1923,73,3,50.54
4773,1923,86,3,117.44
4774,1923,5,1,74.99
4775,1924,119,2,134.74
4776,1924,156,3,142.3
4777,1924,147,1,168.55
4778,1924,60,2,94.78
4779,1925,59,3,33.15
4780,1926,2,1,34.67
4781,1926,136,1,628.46
4782,1926,59,2,33.15
4783,1927,20,2,147.14
4784,1928,5,3,74.99
4785,1928,129,2,163.32
4786,1928,188,3,95.15
4787,1928,197,3,190.16
4788,1929,137,3,169.18
4789,1929,170,2,46.33
4790,1930,144,3,142.07
4791,1930,186,3,129.79
4792,1930,85,1,71.06
4793,1930,46,1,429.01
4794,1931,123,1,95.55
4795,1931,6,1,306.58
4796,1932,169,3,152.6
4797,1932,75,2,33.0
4798,1933,187,2,71.54
4799,1933,42,1,242.45
4800,1934,139,3,124.46
4801,1934,178,1,850.94
4802,1934,141,1,193.34
4803,1935,62,1,128.85
4804,1936,30,2,417.73
4805,1936,196,2,79.63
4806,1937,131,3,145.42
4807,1937,32,2,208.93
4808,1937,124,1,607.56
4809,1937,172,2,218.21
4810,1938,49,1,130.23
4811,1938,140,3,163.39
4812,1938,65,1,246.25
4813,1938,186,1,129.79
4814,1939,123,3,95.55
4815,1939,194,2,182.4
4816,1940,27,1,136.29
4817,1940,132,1,162.1
4818,1940,199,1,215.73
4819,1940,104,3,272.67
4820,1941,191,1,59.16
4821,1942,100,1,40.59
4822,1942,83,1,118.1
4823,1942,165,1,461.88
4824,1942,95,2,116.16
4825,1943,171,2,128.85
4826,1944,81,2,479.7
4827,1945,152,1,160.56
4828,1946,31,3,153.77
4829,1946,160,2,650.84
4830,1946,9,1,185.88
4831,1947,10,2,305.44
4832,1947,28,3,248.26
4833,1947,15,1,66.6
4834,1948,72,2,170.41
4835,1948,88,1,87.24
4836,1949,79,1,218.75
4837,1949,190,1,89.07
4838,1949,77,2,99.69
4839,1949,105,2,72.34
4840,1950,93,1,35.84
4841,1951,82,3,101.03
4842,1951,32,1,208.93
4843,1951,47,3,222.95
4844,1952,80,3,490.16
4845,1952,195,1,376.32
4846,1952,141,3,193.34
4847,1953,142,1,142.7
4848,1953,169,2,152.6
4849,1953,77,1,99.69
4850,1954,24,3,147.7
4851,1954,169,1,152.6
4852,1954,86,1,117.44
4853,1954,69,1,145.36
4854,1955,28,2,248.26
4855,1956,139,3,124.46
4856,1956,28,3,248.26
4857,1956,68,1,46.35
4858,1956,41,1,252.13
4859,1957,162,1,130.45
4860,1958,44,3,178.91
4861,1958,189,3,330.5
4862,1959,175,3,135.72
4863,1960,127,1,387.78
4864,1960,141,1,193.34
4865,1961,50,1,61.88
4866,1961,136,2,628.46
4867,1961,75,3,33.0
4868,1961,89,2,52.78
4869,1962,158,3,183.19
4870,1962,32,2,208.93
4871,1963,30,2,417.73
4872,1964,148,3,248.26
4873,1964,48,3,87.44
4874,1965,34,1,170.17
4875,1965,183,1,248.86
4876,1966,176,2,161.87
4877,1967,29,3,25.86
4878,1967,148,1,248.26
4879,1967,1,3,133.65
4880,1968,106,1,169.02
4881,1969,186,1,129.79
4882,1969,166,2,141.9
4883,1970,169,2,152.6
4884,1970,133,3,141.96
4885,1970,175,1,135.72
4886,1970,71,3,243.88
4887,1971,171,1,128.85
4888,1971,170,2,46.33
4889,1972,13,2,37.54
4890,1972,65,1,246.25
4891,1972,1,1,133.65
4892,1972,111,1,587.78
4893,1973,106,2,169.02
4894,1973,29,1,25.86
4895,1974,122,3,97.06
4896,1975,165,1,461.88
4897,1975,58,3,177.62
4898,1975,116,2,579.43
4899,1976,42,2,242.45
4900,1976,123,1,95.55
4901,1976,57,1,125.24
4902,1977,57,1,125.24
4903,1977,142,1,142.7
4904,1977,131,2,145.42
4905,1977,165,3,461.88
4906,1978,70,3,60.1
4907,1979,6,1,306.58
4908,1979,17,2,128.52
4909,1979,146,2,156.95
4910,1979,28,1,248.26
4911,1980,161,3,110.81
4912,1980,128,1,136.05
4913,1981,197,3,190.16
4914,1981,177,2,87.79
4915,1981,198,3,57.03
4916,1982,28,2,248.26
4917,1982,188,3,95.15
4918,1983,151,2,277.4
4919,1983,52,3,52.03
4920,1983,161,3,110.81
4921,1984,121,2,179.7
4922,1984,160,1,650.84
4923,1984,51,2,124.33
4924,1984,63,2,68.8
4925,1985,127,3,387.78
4926,1985,59,1,33.15
4927,1985,111,3,587.78
4928,1986,106,1,169.02
4929,1986,12,2,109.5
4930,1987,27,3,136.29
4931,1988,57,1,125.24
4932,1988,189,1,330.5
4933,1989,151,2,277.4
4934,1990,54,3,757.88
4935,1990,24,1,147.7
4936,1990,88,1,87.24
4937,1990,61,2,30.52
4938,1991,12,3,109.5
4939,1991,122,2,97.06
4940,1992,126,1,114.59
4941,1993,23,3,220.16
4942,1994,1,2,133.65
4943,1994,110,2,148.94
4944,1994,179,2,157.51
4945,1995,161,3,110.81
4946,1996,41,3,252.13
4947,1996,60,1,94.78
4948,1997,34,2,170.17
4949,1997,76,1,638.35
4950,1998,9,3,185.88
4951,1998,31,3,153.77
4952,1999,40,2,133.93
4953,1999,177,2,87.79
4954,1999,17,1,128.52
4955,1999,41,1,252.13
4956,2000,28,1,248.26
4957,2000,22,1,250.06
4958,2000,196,1,79.63
4959,2000,41,2,252.13
