id,order_id,type,amount_sar,method,status,idempotency_key,created_at
1,1,charge,2504.23,card,success,fabf8aef-608d-4b54-9913-0b900286675d,2026-02-09
2,2,charge,149.98,upi,success,f3a80aa0-60ee-4cbc-b8e3-c67df8018a19,2026-07-12
3,2,refund,149.98,upi,success,1f9deccd-ecf6-48c0-8861-3afa1ae17565,2026-07-13
4,3,charge,458.06,card,success,e0218caf-ba73-4a4e-86c7-1c162cfcbb3f,2026-09-13
5,4,charge,197.16,mada,success,ce8a5306-d243-4d1b-96bd-5e9f4e7a081e,2026-09-25
6,5,charge,1706.86,upi,success,59518620-8769-4e24-9875-589a7d57a51f,2025-11-26
7,6,charge,397.44,apple_pay,success,4830effe-dd8a-4f0a-9278-f380b3510ddc,2026-08-25
8,7,charge,890.07,cod,success,195c663b-9b82-4430-8563-cafe8d31df34,2025-09-03
9,8,charge,987.47,card,success,51683612-2bb6-4a4e-8c47-5261e585a0a5,2025-03-27
10,9,charge,1353.9,mada,success,2e408d57-63ba-4c3d-807a-be48f24e7fd6,2026-05-18
11,10,charge,389.31,cod,success,ad851456-bdc5-4633-8e5b-961f585d4011,2026-08-27
12,11,charge,1350.26,upi,success,8d3a5b2d-881c-4211-89eb-597bf7ceddc4,2026-09-12
13,12,charge,1011.21,card,success,6714272a-d981-4a41-a1cc-233c9838d168,2026-07-04
14,13,charge,821.25,cod,success,4251d2f0-20a8-4260-97a1-a2f67a139e90,2026-06-18
15,14,charge,331.84,upi,success,b695c2bf-8379-45ed-afc8-d769026e6d11,2026-03-23
16,15,charge,79.63,apple_pay,success,248607c2-2059-4d46-a856-0b7427ce46ce,2025-12-04
17,16,charge,792.62,upi,success,44725ab7-bc44-4417-914b-a9bb60f91495,2025-08-22
18,17,charge,373.77,upi,success,a3a22f35-b9b5-43c7-ab1e-fddc0d888933,2025-12-19
19,18,charge,933.36,mada,success,c70c15e3-b51e-40dd-9ec2-322ff978d269,2026-09-22
20,18,refund,933.36,mada,success,6b1205aa-9bd3-4580-ad9f-835f3fc5c786,2026-09-23
21,19,charge,709.12,cod,success,705faecd-2edf-402e-b531-8081b4effa29,2026-01-14
22,20,charge,572.19,card,success,77fa7bbc-cc68-453e-9a9f-d637fc7aa2dc,2026-02-24
23,21,charge,1614.02,card,success,f3dea9dc-469c-458b-896d-036a8092189b,2026-01-15
24,22,charge,585.3,upi,success,b7ed70cf-f111-4e9e-8545-b11f6d820335,2026-04-09
25,22,refund,585.3,upi,success,3a9048cc-d063-43e7-ac7e-f0abe1a29ffa,2026-04-10
26,23,charge,545.34,apple_pay,success,1641d960-dba0-4dec-a2b8-fdcc4e20c377,2025-12-12
27,24,charge,74.94,cod,success,c544a049-6811-4a5c-8e3f-d50bf28c635f,2026-09-26
28,25,charge,930.48,cod,success,a27a2bda-1713-442b-9862-042e500f86b1,2026-02-20
29,26,charge,1375.73,card,success,3d730c3b-bade-43a0-93a2-2a821458771d,2025-10-04
30,27,charge,2273.64,card,success,9347f486-2a44-4a88-97f8-5f5bf1e2cce7,2026-09-04
31,28,charge,1322.01,cod,pending,492d85a7-be50-4500-95a7-5ed90eb2858f,2026-09-27
32,29,charge,477.16,mada,success,ceefd2c9-7e2b-43ce-adf9-8b8d8ddd6a3e,2026-08-20
33,30,charge,179.98,card,success,f2ca2002-f650-4852-82bc-e2e0dfd5988e,2026-09-03
34,30,refund,179.98,card,success,eeb47b07-8239-41c4-ad52-09e76c8a30c1,2026-09-04
35,31,charge,1063.95,mada,success,7f702973-7aca-4b76-a2ec-f870bb15894a,2025-10-31
36,32,charge,983.97,card,success,ad411244-ff79-40f4-af64-257283d7cafc,2026-08-28
37,33,charge,856.88,cod,success,1febc9af-b2a8-4456-884b-fa8ce3593ee9,2026-06-17
38,34,charge,259.32,cod,success,30afe613-9dc4-4583-838e-f7af67ccfa38,2026-03-22
39,35,charge,744.84,cod,success,01ddc628-bef4-4f0c-94d6-761ce92fd9fd,2026-09-21
40,36,charge,1635.78,cod,success,88c982ec-b3dd-4cfb-accb-6ae1b6d331ca,2026-07-22
41,37,charge,66.0,cod,success,fe85544c-3e85-4c67-9855-e4a0bfea3d2a,2026-07-14
42,38,charge,864.31,mada,success,eba332b1-f36c-4c45-a942-b4d7bd2dffff,2026-05-11
43,39,charge,683.14,card,success,f1e7ada0-e15d-4e51-bfc9-77e4d2c7f176,2026-09-19
44,40,charge,71.68,cod,success,0ad7d77c-9bf4-4cc6-af1f-be1687324f52,2026-03-10
45,41,charge,706.0,card,success,2b24ef63-f6f3-4192-b2da-dc219b7cd539,2026-08-16
46,42,charge,2122.44,cod,success,c3828725-e1c6-4384-ae20-a0b5acad7c07,2025-09-06
47,43,charge,1054.95,mada,success,2cc09f87-399e-4823-a75f-58ba86052bef,2026-09-04
48,44,charge,1155.73,card,success,22212e52-d6e3-4103-9df7-0cc1133b385e,2026-05-10
49,45,charge,597.32,card,success,0d08367e-f3d5-4737-9a71-504b8380d397,2026-09-15
50,46,charge,649.26,card,success,2ba4d656-610c-4ade-bed9-9a6b6c3786c2,2025-11-21
51,47,charge,2291.16,cod,pending,56847457-1cfc-4f01-b840-1eea5f8f8538,2026-06-07
52,48,charge,782.49,card,success,d4ec0595-3ff0-4d13-add7-1599e9fedd48,2026-08-17
53,49,charge,1588.95,card,success,db992f51-c433-43bd-99cc-86568a03be43,2026-08-28
54,50,charge,890.65,cod,success,7bae0f3b-4c96-4dc2-8a41-aed81e2c6d4b,2026-09-19
55,51,charge,1332.52,card,success,00926d61-368b-4d68-83c6-b5324b25c483,2026-02-13
56,52,charge,946.1,upi,success,64c46086-919f-402e-a194-c7b1bcef40f8,2026-07-28
57,53,charge,358.76,card,success,edda1677-4e08-4b81-ac4d-6c0037abaaf8,2025-09-02
58,54,charge,71.54,apple_pay,success,83f9b580-a499-4b92-b589-de14eee06433,2026-09-26
59,55,charge,1678.96,apple_pay,success,ef775124-0911-4215-a4b7-0864d362dea7,2026-04-23
60,56,charge,774.25,apple_pay,success,d92d9519-9e24-4724-a47a-7b03768ae6fb,2025-06-12
61,57,charge,566.64,cod,success,0182144d-5b12-4b1b-8eb8-1b177cff07e3,2026-09-01
62,58,charge,403.12,card,success,4c60b543-541b-489c-b5d9-c07c9d9363ea,2026-01-10
63,59,charge,991.5,card,success,59875c7d-0151-4cb0-9b6f-1a9e5a98b715,2026-02-14
64,60,charge,632.51,card,success,66edef30-2fa8-4808-b8f1-6861e3e3e73b,2026-08-13
65,61,charge,559.14,cod,success,6e4928ac-19f1-45cc-8244-e4d75ac2a176,2026-08-30
66,62,charge,501.52,upi,success,8772df4a-15b1-44a6-b292-45ba7df6bc1d,2026-04-04
67,63,charge,504.15,mada,success,6924e248-2759-4511-a604-bfbe83aa622f,2026-09-04
68,64,charge,720.12,card,success,01c4e229-7cc7-4b17-a9c1-84ce1fb426c0,2026-07-25
69,65,charge,1406.03,mada,success,4008d4da-a819-413d-84fa-84a427d764ce,2026-03-10
70,66,charge,1738.2,card,success,5fd2bec3-6536-4c77-b87f-b57839e1609d,2026-05-15
71,67,charge,195.0,cod,success,e466c937-6da7-495b-9d4f-97154c9df049,2026-08-17
72,68,charge,1018.44,mada,success,44fcc054-cfc1-4689-8953-4e152ea37b78,2026-08-24
73,69,charge,1223.02,cod,success,a801f15e-7046-425d-bd47-4d951bd36f41,2026-09-11
74,70,charge,898.86,card,success,23cecf1e-296d-491f-b079-ae53d6e0217c,2026-03-18
75,71,charge,1128.96,upi,success,017cc74e-6f18-4343-bf41-5c985a8e8f05,2026-08-26
76,72,charge,991.5,cod,success,b58f67b6-deda-428b-a232-0dc95bf6f06d,2026-09-16
77,73,charge,972.62,cod,success,48ef30ff-3087-47b4-9c54-956f32ce93db,2026-07-29
78,74,charge,524.46,card,success,6bca4f86-6500-4793-a238-dfc60a4e3ccf,2026-07-21
79,75,charge,448.9,apple_pay,success,08175dd0-e6a7-4af7-94ca-6897be71cd60,2026-07-29
80,76,charge,945.92,cod,success,f2c8c25e-32f1-427c-aa8c-662d290a3d67,2026-08-23
81,77,charge,245.11,card,success,fba13732-aa4d-4bb8-b5ae-d2e97ab3137c,2026-04-24
82,78,charge,1466.06,cod,success,7d338ca2-6bcc-472a-9e69-2c3f440b71a6,2026-06-29
83,79,charge,2653.44,upi,success,ae864837-ccc1-4250-bedd-84838cd4e7bc,2025-07-08
84,80,charge,190.3,apple_pay,success,c0476d80-532b-470a-a09f-839fb6ddbd11,2026-08-17
85,81,charge,338.36,card,success,665e467f-e1bb-4399-87c4-32a0c3af3d93,2026-07-03
86,82,charge,1066.28,card,success,bdecb67a-ec6e-4294-b9da-c7798079cdc9,2026-07-02
87,82,refund,1066.28,card,success,21a496a8-638b-4370-935d-1936d7d2f88f,2026-07-03
88,83,charge,536.93,card,success,caef3c9e-1b9d-4f1b-b52a-6cbf1c17729f,2026-04-16
89,84,charge,1177.13,card,success,581848c5-27d1-4990-a049-a289056a3b28,2025-07-07
90,85,charge,399.58,cod,pending,af374e8c-c473-4700-837e-7f6080000fac,2024-12-17
91,86,charge,855.95,card,success,d4701dd2-ada5-4eb9-8d52-7b893c8b966c,2026-05-12
92,87,charge,564.62,cod,success,98daae8c-f9f7-4004-adfe-874557968d64,2026-03-14
93,88,charge,1150.63,card,success,7aededf4-6f30-4743-820e-2e6abcc8509b,2026-08-09
94,89,charge,272.58,card,success,15263fef-7c65-4bfb-883f-ca724a1a7c2e,2025-08-31
95,90,charge,755.71,upi,success,9e1be56d-3f6c-4de5-adcf-cb58c2ca55ed,2026-04-12
96,91,charge,430.77,mada,success,2fd6129a-82e0-4d39-bab0-08df2709f5b2,2026-05-14
97,92,charge,397.35,card,success,1d71f339-c448-42af-87f8-b6f13fdd0e2b,2026-07-08
98,93,charge,89.99,card,success,b371d64d-fe87-417b-8376-bff9dd3a0936,2026-07-30
99,94,charge,1895.38,cod,success,6ddd5c02-d213-4565-aa94-a1d43f529dae,2026-03-16
100,95,charge,894.74,mada,success,c86022c4-b4da-4f04-b951-0a4532cb28ba,2026-01-18
101,96,charge,1834.14,upi,success,baff361a-b37e-4c41-9a62-75f5cf590b8e,2026-09-15
102,97,charge,71.68,card,success,304c9c7b-2e62-4a6f-9c71-14398098f50d,2026-09-06
103,98,charge,992.83,upi,success,a1001bc8-9758-425f-9ad8-e2dafe17ddb3,2026-08-02
104,99,charge,289.9,apple_pay,success,1ed68b71-3ab8-4c3f-a612-e9e5a26d18f6,2026-07-29
105,100,charge,1645.23,card,success,461bcbc3-09d2-41e0-a6ba-7e5121de2360,2026-07-25
106,101,charge,145.42,card,success,256df639-edd9-436e-b132-8995fd8ac696,2026-09-20
107,102,charge,3548.97,mada,success,331bd602-9dd0-4e04-8485-742a6d22313c,2026-07-05
108,103,charge,204.2,upi,success,615eca80-0d0b-4920-9d46-0c9117478b5c,2026-03-23
109,104,charge,1470.48,upi,success,b33d9c7c-4e73-4dcc-8664-82ee6844a0e3,2026-08-21
110,105,charge,375.9,upi,success,38c6430f-3b3e-47bd-bae9-6dd3a2209a31,2026-03-30
111,106,charge,768.82,card,success,0fb49d98-7aac-4a0a-ad13-4ea8560fc071,2026-05-25
112,107,charge,57.03,apple_pay,success,0d394b57-a4d4-4f15-ad54-a50182866d40,2026-07-22
113,108,charge,1520.13,apple_pay,success,5d13539c-44ed-4fd5-9c2c-8fb14de5f2f7,2026-07-16
114,109,charge,495.65,upi,success,b62a7941-59dc-4e0f-b168-5db847d28391,2025-07-18
115,110,charge,99.45,card,success,e525aeaf-51e1-4799-bf39-562d6b06e92f,2026-07-19
116,111,charge,578.4,card,success,00231f70-0a77-45cc-ae87-46510c2ca7fa,2026-03-12
117,112,charge,1341.56,mada,success,5256f928-bea8-4e9f-a911-fd6d0d586ee2,2026-07-26
118,113,charge,429.01,cod,success,47b885fa-78d8-4dd6-890a-886c36442939,2026-09-21
119,114,charge,2361.33,cod,success,6e4ff4a4-19cb-44c8-9b45-03bce892464d,2026-08-14
120,115,charge,1200.47,cod,success,7dc4f12b-f2c5-42da-8094-4f952f51aca6,2025-09-30
121,116,charge,258.54,cod,success,1c8d23b4-4dea-4200-9593-83cf5d13a906,2026-09-16
122,117,charge,284.34,upi,success,aed690cc-037f-4347-ab40-256118cd99c9,2026-08-26
123,117,refund,284.34,upi,success,215bdef5-dcaa-4893-853d-1af98d40aeb2,2026-08-27
124,118,charge,117.44,upi,success,cf5e7840-bdc5-41bb-9c4e-3b0054ca4adc,2026-02-18
125,119,charge,1494.65,upi,success,96c2e045-c75f-4b36-be30-cae95c83b98e,2026-03-14
126,120,charge,946.44,card,success,3cfe18e9-5f20-4c06-9ace-863187638104,2026-08-30
127,121,charge,162.28,mada,success,959677e9-35c4-4e08-86a4-7588a676ace1,2026-09-29
128,122,charge,481.68,card,success,1b3ac54c-e31f-4212-9654-c83f62510f01,2026-03-04
129,123,charge,325.54,upi,success,9a11ddf4-be1a-45c9-a12a-c11c21677dca,2026-06-11
130,124,charge,740.56,card,success,f7e47c8c-9628-4429-8a81-870a1ecf8aec,2026-08-27
131,125,charge,133.93,upi,success,d141b9e4-a783-41c8-a250-891ae9846baa,2026-05-03
132,126,charge,759.39,cod,success,721df83c-b464-49f4-b163-b27430c041a9,2026-07-22
133,127,charge,756.39,upi,success,f11afc00-132b-4f36-9940-4d24eced9c30,2025-12-13
134,128,charge,325.22,card,success,4d2d8efd-57c8-494c-9e77-76ae8bec9a50,2025-06-15
135,129,charge,1031.65,cod,success,c2d01c42-fd59-4978-b965-12e3b9b094ac,2026-07-22
136,130,charge,545.34,upi,success,27571245-b884-4902-8897-3a4a33b636dc,2026-08-29
137,130,refund,545.34,upi,success,6b0ffa79-3113-413a-a0b9-98300b373468,2026-08-30
138,131,charge,134.74,cod,success,e43f05c8-40a5-42f7-b62b-9f628ced48ea,2026-05-17
139,132,charge,144.95,card,success,d89939ba-da7a-4e9f-8265-1976e0880267,2026-06-07
140,133,charge,978.92,card,success,58eb3e59-f9a1-4e3f-8f72-d6afe825049a,2026-07-20
141,134,charge,306.58,cod,pending,a13ecf15-72cf-4b0e-9db2-f6cee5190530,2026-09-03
142,135,charge,699.82,card,success,6fa5f03f-e92d-4961-9e0f-d29bb7a2ab33,2026-08-21
143,136,charge,836.27,card,success,861550f6-6b43-4b40-bb9a-21c41155581f,2026-07-24
144,137,charge,1153.68,apple_pay,success,ca77736e-80fd-463d-b3d3-6295ee6bcb89,2026-05-17
145,138,charge,1360.48,card,success,462e9af3-9962-4263-aabc-42b1059997f6,2026-08-20
146,139,charge,325.56,cod,success,4a26eb59-2101-4598-b7ad-3965b25b56dc,2025-10-10
147,140,charge,705.34,apple_pay,success,0f9027d5-90f0-447c-b4af-80050ba24c4f,2026-07-22
148,141,charge,310.64,apple_pay,success,30b05a0b-b19d-4860-b8f4-0e49cb5d2aff,2026-07-04
149,142,charge,1076.36,card,success,7eba0464-65c2-47c0-9085-449dbd9f82d7,2026-03-05
150,143,charge,79.63,apple_pay,success,8373edf3-dec9-4438-884f-f1a7af481fc0,2025-11-18
151,144,charge,1973.34,apple_pay,success,70100d7e-2a5f-46e4-9332-406ff8b6bdee,2025-12-05
152,145,charge,319.05,mada,success,8fffe845-6257-4e9c-8260-1132c02fb24f,2026-07-19
153,146,charge,651.29,upi,success,9b72a9fe-669e-498d-a3e7-3896c784ef4b,2026-09-16
154,146,refund,651.29,upi,success,00ebf725-2f1e-48dc-b4f9-02b74580a4ae,2026-09-17
155,147,charge,66.6,upi,success,9794b389-37c2-4f27-9267-e7e628f5f5c2,2026-09-28
156,148,charge,877.37,cod,success,edba84d1-e110-4d91-8244-bc44b25c5b50,2026-05-23
157,149,charge,1429.59,card,success,80fa3363-7497-47d9-8346-93d1ca67d562,2026-04-13
158,150,charge,1334.97,card,success,4242fc5c-866b-429a-b877-e049b52f5e0d,2025-12-31
159,151,charge,789.71,cod,success,4bde7d88-3867-462d-9a3b-ce8e4dac49f6,2026-03-20
160,152,charge,2346.66,mada,success,1e7d8f7b-8d59-434d-84bd-604fb5502e2b,2025-02-12
161,153,charge,950.82,upi,success,8897c497-0bad-4234-b953-70c02bcdce43,2026-05-27
162,154,charge,224.82,cod,success,a3bdd4d6-0a01-48b6-8ab6-3e0f3cfbc642,2026-03-23
163,155,charge,668.85,card,success,471b0cc7-e233-4597-b129-ed2f25ec77e4,2026-03-17
164,156,charge,308.98,apple_pay,success,df96048a-453b-47f5-a20a-69d3ed601f49,2026-08-15
165,157,charge,355.87,upi,success,fae2d4a8-a475-4fa7-8d30-69bfca6628a8,2026-03-31
166,158,charge,541.54,card,success,35c0c003-d2cb-43eb-bd52-3fad3fbefe33,2026-02-26
167,158,refund,541.54,card,success,a60da1aa-005b-4f73-9dbe-4a3c88db3692,2026-02-27
168,159,charge,75.08,apple_pay,success,f8e351ea-9aeb-4c3e-a1f7-815758f34359,2026-02-18
169,160,charge,1543.62,upi,success,f2491816-154f-4eb4-9316-7cb55e7e00e5,2026-04-21
170,161,charge,973.75,mada,success,4398018f-8c9d-4a84-a24c-ee91b4992393,2026-06-25
171,162,charge,87.24,cod,success,e5f95507-6889-48ad-a234-5eacb8da3559,2026-05-22
172,163,charge,193.34,cod,success,fc3a156a-531b-49d8-8b7e-42df9c8a1631,2026-07-18
173,164,charge,1948.64,cod,success,02aa1c76-d0e0-4655-a03e-9b5d0ea8d0ee,2026-03-19
174,165,charge,689.55,card,success,bb0084fa-3822-451b-9b00-f1a0d2ed3196,2026-05-14
175,166,charge,675.89,card,success,418860b9-2d3e-454b-8799-c04bf71925ae,2026-08-01
176,167,charge,216.47,cod,pending,a845f723-8992-4e2d-8400-e249f8bb1616,2026-07-23
177,168,charge,1124.31,card,success,f0636972-c737-427a-9e34-106afa902bfb,2025-11-18
178,169,charge,1106.36,cod,pending,b8fc7513-1b3f-44b0-9550-9b75c7cfb659,2026-03-28
179,170,charge,508.08,card,success,f216880d-61c9-415e-b028-5484beeac4d3,2025-03-13
180,171,charge,882.1,card,success,a05095fa-deba-4297-81e1-5f65a7610e80,2026-08-01
181,172,charge,1122.05,upi,success,34c6d620-8d06-43e2-9ab6-2311a261d918,2025-04-30
182,173,charge,296.44,cod,success,5302e6e2-387b-4cda-b133-0766d11ce313,2026-09-10
183,174,charge,489.96,apple_pay,success,a13a9da2-94e7-4b2a-b434-02ef44cfa6ba,2026-09-29
184,175,charge,489.94,card,success,653d171f-c0bd-4748-9bb4-64a3cec79642,2026-08-23
185,177,charge,668.76,mada,success,bad4f3e0-3b52-4525-b230-b85b27d81ea0,2026-08-04
186,177,refund,668.76,mada,success,25f93ab9-5e5f-410c-af14-4dc6b9ede33f,2026-08-05
187,178,charge,1407.85,mada,success,7ef74fdb-17fc-4335-baa0-3208e6f47dcf,2026-06-15
188,179,charge,248.5,card,success,d0cb079f-2f5d-4f13-b59a-97252e77abe3,2025-07-02
189,180,charge,744.78,card,success,91d51b06-3059-4fbc-ad15-94cbdcc31cb2,2026-07-09
190,181,charge,1204.56,upi,success,2e2f2127-babf-4375-b17f-b7867d929cc0,2026-05-12
191,182,charge,1671.24,card,success,4f66a914-0563-4b30-8834-0d51a5c6c5ae,2025-08-16
192,183,charge,193.4,card,success,d147a0bf-2d7f-4e23-a29f-f19c29b50942,2026-08-24
193,184,charge,2096.3,cod,success,3016cecc-9b9a-4a55-aff7-45a064ea1dd3,2026-02-25
194,185,charge,317.7,apple_pay,success,6d283989-1271-4873-a4bd-e1a811c7bec9,2026-09-13
195,186,charge,260.46,cod,success,a52680b3-e8bc-4007-b47c-76903ec8f48e,2026-08-30
196,187,charge,1546.03,card,success,b96c2da0-19a8-4c19-a70a-858cf86b2e95,2026-02-16
197,188,charge,1117.07,cod,success,c01d1c62-ba0d-4f1f-a325-85b486daf596,2026-01-01
198,189,charge,732.45,cod,success,1987e6d0-9a71-41aa-8304-92b3ced89c97,2026-04-18
199,190,charge,257.7,card,success,1c2b498f-054d-4360-a24d-347360bc6cbc,2026-09-21
200,191,charge,990.69,apple_pay,success,d49cc547-c371-4e42-8378-25dad399956c,2026-07-30
201,192,charge,727.35,apple_pay,success,21d67c73-0b32-4c23-af47-0a44a4fcc79c,2025-06-23
202,194,charge,465.96,card,success,44852295-1566-4483-8526-6dc83f936724,2026-08-28
203,195,charge,819.78,cod,success,9981d28f-a09c-4325-b047-fbeb2483c458,2026-06-16
204,196,charge,2701.78,upi,success,0267c983-f763-4b4d-8ada-c12203748864,2025-04-28
205,197,charge,3932.28,cod,success,8ad8c568-1b39-4777-8aaa-4685f5266edf,2025-10-07
206,198,charge,104.01,mada,success,da4bdf2d-56a0-48b4-9179-2ee0bc731d47,2026-02-06
207,199,charge,946.17,mada,success,23a49571-33cb-49ef-95c0-4765b51bd20f,2026-09-23
208,199,refund,946.17,mada,success,e473b0b0-9017-44a8-8279-d9137afd2923,2026-09-24
209,200,charge,1219.65,cod,success,4eb0c866-29c3-4598-90c2-4f2171bf5c97,2026-07-28
210,202,charge,948.66,card,success,3e6a41f1-278e-4f60-ba99-bd7654edfb70,2026-08-10
211,203,charge,1544.19,card,success,447809c0-b129-4cb7-8b24-8c7e0e4ddb72,2026-05-14
212,204,charge,1183.61,upi,success,056de195-1f81-4097-8b2a-3730a0a2e9bd,2026-07-26
213,205,charge,715.26,upi,success,8b6daa25-1a52-4aa2-8b66-0bcdd32e4757,2026-06-22
214,206,charge,555.82,card,success,e2eed64b-82f4-4196-9a41-c57f4bf70dc6,2026-05-02
215,207,charge,2045.75,card,success,004f5362-244f-4ce3-aa50-18b5d623c671,2025-08-30
216,208,charge,271.44,cod,pending,3a0761d9-0624-4bdf-b96c-8f79e983c62e,2025-08-20
217,209,charge,241.16,card,success,5a7284a2-25ba-4795-a2a8-76d76d58bf63,2026-09-24
218,210,charge,2106.43,mada,success,ebf3ef99-39d3-4f2b-896e-c0c9a7c5f960,2026-03-30
219,211,charge,1158.86,cod,success,afcfea4d-627e-41e1-af35-fbc0e1057ec8,2026-09-28
220,212,charge,194.22,apple_pay,success,e6d037c6-d2a2-4765-b700-7ce3e25c7f9c,2026-06-29
221,213,charge,741.2,cod,success,fda2f9a0-2b68-48e3-bde7-f41a1cc6d08a,2025-09-20
222,214,charge,2198.01,card,success,f4dafcc8-1a0b-4310-b97a-4dc81c31d9b9,2026-09-13
223,214,refund,2198.01,card,success,1387bcda-5b78-47ed-8824-faf3f4b28643,2026-09-14
224,215,charge,1899.7,apple_pay,success,5c494d63-1e4c-4fdf-956e-fce49d9e4da2,2026-06-04
225,216,charge,806.22,upi,success,15b5bc25-eb7c-4628-acb9-48f7ec5eac70,2026-09-12
226,217,charge,289.07,upi,success,26aeaf29-9ac0-4e26-8b18-c73ce545281b,2025-12-14
227,218,charge,712.54,mada,success,55b85720-87cd-4444-adba-97542d95d98d,2026-06-18
228,218,refund,712.54,mada,success,6cdcd3be-adef-4777-ae6d-f7e899802368,2026-06-19
229,219,charge,2740.99,card,success,afe9c3dc-aad2-4db6-a4a3-5a102674d1ff,2025-07-09
230,220,charge,46.33,card,success,49793220-d14b-4771-9ff0-287a4d334878,2026-05-13
231,221,charge,87.79,cod,pending,45665e79-1a9a-4b54-a01a-5b5e592fcdc6,2025-05-19
232,222,charge,723.67,mada,success,5e7e2813-a967-4fe1-bfce-e629ea8e55a5,2026-05-15
233,223,charge,138.99,apple_pay,success,e830257d-cf8b-4eb2-83f1-5176eed15809,2026-09-05
234,224,charge,2000.34,cod,pending,c9f279a8-138c-437a-8c76-864ab61831c5,2026-09-30
235,225,charge,136.05,mada,success,fa61726a-eedf-4f78-9c99-4976008ec990,2026-08-19
236,226,charge,602.7,card,success,2586dcd1-a7e6-4e4e-871c-dac2260d76ca,2025-03-15
237,227,charge,783.14,upi,success,725aa10d-63fe-457c-a5d4-ec1951fc4c23,2026-02-11
238,228,charge,505.65,upi,success,f9f15e65-c919-4c69-8bfe-68f0b8a9f704,2026-07-31
239,229,charge,389.37,card,success,1cf85164-113b-476e-908c-e31e7a7a852e,2026-06-19
240,230,charge,1605.1,cod,pending,ba098484-f5a7-420d-ad6d-91e193ed82c5,2026-04-17
241,231,charge,66.0,card,success,52b3a0d1-1727-4924-a508-f357474a3674,2026-07-28
242,232,charge,171.72,upi,success,c47d336f-2e8f-4f7f-a0a6-2edffea95b73,2026-08-16
243,233,charge,727.12,upi,success,7e8450d7-51be-4dc1-9a44-914362908017,2026-06-14
244,234,charge,424.44,cod,pending,f90c9f84-b184-471c-bb35-b9f96c80423a,2026-07-28
245,235,charge,908.34,upi,success,a2f87dea-cb22-4b8d-9a0b-d63d69f841b0,2026-08-05
246,236,charge,905.87,card,success,f1abf7a0-cd59-4b8c-a362-7835555df8c6,2026-03-09
247,237,charge,612.74,upi,success,62186d10-3ef3-45be-abee-4c80a7698b2d,2025-12-20
248,238,charge,801.5,apple_pay,success,89eb56c1-7f42-4889-8ca1-7f756b2d470a,2025-12-31
249,239,charge,1025.64,upi,success,894539ec-8850-4e9d-be1b-203488a5316f,2026-07-26
250,240,charge,1209.43,card,success,1567f88e-6276-4e87-bae8-c8f8d2478bb2,2026-08-29
251,241,charge,1868.22,card,success,86e5edf4-6bfd-4189-b705-10f894ba0d7c,2026-04-07
252,242,charge,1172.0,upi,success,cfb0d68d-b189-45a6-86ce-c51b93efb5c4,2026-03-12
253,243,charge,1310.44,mada,success,165607c0-b3fd-4c76-b826-45adbf8f81ea,2026-09-19
254,244,charge,1351.02,apple_pay,success,340a22d7-00bb-4543-9c98-fd573c359ce2,2026-07-02
255,245,charge,3559.24,apple_pay,success,5cc624ef-0464-4f52-99c0-99f6fe709416,2026-03-30
256,246,charge,501.42,mada,success,2233212a-f526-4ea2-b953-3cb78ef1a114,2026-01-03
257,247,charge,705.78,upi,success,e94f03ec-0f40-46a2-9c33-345debc05f02,2025-03-26
258,248,charge,2315.2,mada,success,d96da200-d947-472a-9c61-3985596ed71c,2026-05-25
259,249,charge,1024.16,cod,success,23ac64e5-d1aa-4b53-8755-66c2dde4cd87,2026-07-24
260,250,charge,802.62,card,success,d5d318cf-24e6-4ffd-b5dc-037d4b71481f,2026-08-23
261,251,charge,288.84,cod,pending,ee6c69f7-f8c9-4b4a-8d2f-2114da72ab37,2025-03-23
262,252,charge,114.06,card,success,35f2e254-3e14-4f6a-abcb-b347e9b758ee,2026-04-14
263,253,charge,512.16,upi,success,bf3b1681-0e4d-464e-b97e-8bfbd3ec2149,2026-04-01
264,254,charge,2729.55,cod,success,b21eafab-f649-49e8-9e03-2a652346f26d,2025-08-23
265,255,charge,1416.0,upi,success,bbab3b0e-60a1-451d-a4a0-aaadb436e8fb,2026-07-26
266,256,charge,2783.39,cod,success,6cb9b655-f704-4d14-b235-161506beab4a,2026-09-26
267,257,charge,1219.78,apple_pay,success,1b2375d0-b38f-40f2-8dd8-67e55f26b2a6,2026-06-11
268,258,charge,2368.27,apple_pay,success,7a114e56-12e2-4c2a-94e4-339da9a9cef7,2025-11-01
269,259,charge,752.64,cod,success,287e09f1-ded7-445e-980b-82cbd66248bf,2026-08-05
270,260,charge,990.71,card,success,242ac30f-5d80-453b-a59a-5d6c07ba408b,2026-08-03
271,261,charge,104.06,mada,success,0331bd0d-13ba-4d24-bebb-527c1438e799,2026-07-31
272,262,charge,558.32,cod,success,6a9f687a-d04f-4197-94c0-df2891b5fcb4,2026-05-31
273,263,charge,549.57,card,success,78428071-2eb3-4f6a-83f2-6a392653de2b,2026-09-27
274,264,charge,994.93,upi,success,8706f724-bf83-42d4-a3de-67fcbe59d035,2026-08-30
275,265,charge,842.98,mada,success,785e02ee-4cac-495c-b2e2-503ab2d515d1,2025-08-07
276,266,charge,3994.3,mada,success,71a84189-565b-4785-b8f9-85fc69598983,2026-09-09
277,267,charge,1420.84,upi,success,0361b157-b1fb-4587-a514-b3fcc809a0b4,2026-09-04
278,268,charge,98.19,upi,success,0f5c365a-27e8-4b87-9c7b-f8eb4969b2a1,2026-09-10
279,269,charge,547.64,cod,success,9aab1efb-0838-4528-a477-e25ae19383a9,2025-12-30
280,270,charge,267.86,card,success,290c9e51-80d7-4805-ac6f-c084c04a3f68,2026-06-30
281,271,charge,977.75,upi,success,6c726915-d52a-45c8-a579-dc2202c837b6,2026-04-14
282,272,charge,93.57,card,success,744cc6ae-e03f-4f2c-b2bf-fc3fae0e289b,2026-09-09
283,273,charge,89.85,cod,success,420fd9a8-d45b-4e9b-b61e-c0ed8ddd2994,2026-02-03
284,274,charge,2347.79,apple_pay,success,4e583dde-807a-4658-9272-dc48eb4d6df5,2025-10-19
285,275,charge,1253.19,card,success,ee7385d8-6c75-4765-ba31-4e67b5982577,2025-11-08
286,276,charge,347.02,upi,success,178926f3-f91e-4b9b-8596-7e762824162d,2026-02-16
287,277,charge,927.43,card,success,f37985df-fa59-407b-a0a7-ca57858117a1,2026-01-13
288,278,charge,1915.05,upi,success,6680c5e3-363c-4c32-be3e-14022008bd4c,2025-09-06
289,279,charge,102.54,mada,success,646d2e33-380a-402d-8e55-ced39e79a6fe,2026-05-02
290,280,charge,609.56,mada,success,f9da4f55-bef9-4394-928f-af652f068e12,2026-09-25
291,281,charge,302.22,card,success,13c3fc1b-d77a-40b8-9ae6-befe8f2de908,2025-10-15
292,282,charge,429.81,card,success,7a37f3d6-77eb-4d89-b142-de87d109ffe5,2026-06-22
293,283,charge,919.92,apple_pay,success,67b4a019-a452-4530-a717-5804502d3281,2026-08-20
294,284,charge,1457.06,card,success,0dfef633-2a31-4dfd-a166-7c7cd3c6e5a0,2026-09-05
295,285,charge,169.18,apple_pay,success,6c99ce56-a58a-4bb5-9f19-30e0cda7a451,2026-06-29
296,286,charge,74.94,cod,success,1ab9f662-1bc0-4912-8519-72c431d9dd32,2025-03-31
297,287,charge,99.0,apple_pay,success,c75f41dc-9a6a-4bb1-9cda-038513eb4358,2026-07-17
298,288,charge,778.23,cod,success,3d51d528-072e-45dd-95e1-7880d8bb62b7,2025-05-28
299,289,charge,2611.44,card,success,1b4142aa-8aa4-41e9-a9aa-aa7e483eb6a1,2026-08-06
300,290,charge,428.1,upi,success,02cf63a8-98dc-4031-b63f-bae910b8c1c5,2026-07-08
301,290,refund,428.1,upi,success,300ffa68-4f22-4efa-a8e1-3f98c1ab6398,2026-07-09
302,291,charge,2037.23,cod,success,ede02d33-a36d-4567-b3a4-4f408d3ba57f,2026-07-20
303,292,charge,504.77,card,success,15c52392-44e8-41e1-bd86-9ad2084930a1,2026-03-27
304,293,charge,689.06,mada,success,0b7ce5c6-9096-4629-91f3-90f4fa069889,2025-09-22
305,294,charge,1109.43,card,success,7bdac670-ca4c-4b4d-bc8a-de6a9051385e,2026-01-18
306,295,charge,407.64,card,success,17dcabf5-5088-4581-8c4c-eedf0bb1b984,2026-07-28
307,296,charge,2171.32,card,success,fb04c6b1-022b-4960-8f00-ba6af189d0b1,2026-05-13
308,297,charge,956.49,cod,success,f56febb1-484b-424b-806e-10295b4d5bbf,2026-02-04
309,298,charge,1969.7,cod,success,50814407-31e3-4608-800e-295265ec4424,2026-08-05
310,299,charge,1099.78,upi,success,5b182716-b9c6-426b-a401-118dc078bc3e,2026-01-05
311,300,charge,71.54,cod,success,acb83fce-b3e1-411b-a128-04c5f94e485d,2026-09-10
312,301,charge,486.84,card,success,e581c1bc-6843-4e98-94d1-44d518ede297,2026-09-20
313,302,charge,285.4,card,success,808eadf2-19db-433e-80ea-83afbdcfc159,2026-04-10
314,303,charge,856.94,cod,pending,06103d84-2672-420c-866a-5821ceb7f2d6,2026-06-12
315,304,charge,421.58,card,success,7a199807-61d2-4319-8bcb-329396512240,2026-09-10
316,305,charge,506.6,mada,success,099396ff-da1e-42b2-9e6a-7c6e961b9221,2026-05-23
317,306,charge,851.3,cod,success,aeb00fb9-26cb-4e99-a945-e93a4a454398,2025-12-04
318,307,charge,303.39,card,success,a03e7003-e29c-4897-9429-25a0768e212d,2026-05-03
319,308,charge,712.89,mada,success,3b482d28-b7ed-4c13-b3eb-e65817e1e8f6,2026-09-23
320,309,charge,568.54,cod,success,ae742530-ceb6-4fdc-b734-a78de2682c9f,2026-09-04
321,310,charge,283.92,mada,success,b7f330ad-c4d1-4310-a40f-92a4a77af8cb,2026-03-08
322,311,charge,829.26,mada,success,806a29ad-f6b2-4778-be50-8d4d293a60be,2025-12-02
323,311,refund,829.26,mada,success,9bd65068-ba8d-4f8c-be05-fcef842c49fa,2025-12-03
324,312,charge,163.32,upi,success,c4c557d8-ee23-4eb0-85f6-2467a6c1d136,2026-07-15
325,313,charge,578.55,cod,success,21962a11-c90c-41d3-b28e-10025766fe0c,2026-07-05
326,314,charge,816.56,upi,success,9f9bc7bd-5c3d-415c-8a74-982e56ca0fb3,2025-09-06
327,315,charge,966.58,card,success,0a3e4918-6e4f-4ea3-b0ad-16f7db1fb4d4,2026-09-13
328,316,charge,1549.33,card,success,aed0cbcf-c630-4536-b677-9a11e403999b,2025-03-24
329,317,charge,835.21,upi,success,ff3c03a6-3575-44ee-bd36-5abf633bffff,2026-09-11
330,318,charge,442.26,card,success,f540838e-1333-4679-9b5c-4b589c425665,2026-04-20
331,318,refund,442.26,card,success,fe914b95-a0b6-4265-9120-6a372703c75d,2026-04-21
332,319,charge,325.22,card,success,03d33907-ce02-4d60-98ef-9a287f5da7f8,2025-12-06
333,320,charge,2333.03,card,success,4f3e2a2c-ded6-4d2a-842d-5f032482e8d1,2026-06-22
334,320,refund,2333.03,card,success,cc214b4e-f80c-4b1a-9e16-afca8c111ba4,2026-06-23
335,321,charge,603.4,cod,success,7fb8b6c6-1650-4f14-a527-8ea2c80cd031,2026-07-08
336,322,charge,882.9,cod,success,2b729d66-504f-4e7c-b46e-49a81817dac5,2026-05-14
337,323,charge,474.37,apple_pay,success,11730df2-2956-42c6-8bac-fa4aef1e4acf,2026-05-16
338,324,charge,295.4,cod,success,5a765b48-5d03-44d8-9396-440547b5c4cd,2026-09-09
339,325,charge,647.19,card,success,b5ed7ce8-2ddf-4675-9235-d52e16d7ba54,2026-06-30
340,326,charge,1633.43,cod,success,fc73e358-4208-4fc8-b5f3-21cbc59de4aa,2026-04-18
341,327,charge,133.4,cod,success,c35d8f64-418a-4089-ba7d-e9617927a136,2025-05-27
342,328,charge,151.62,cod,success,ec95ccf1-a679-4ab0-b129-e2f6e06ca678,2026-09-18
343,329,charge,744.16,card,success,f8c01007-1fbc-4004-b098-aa1f23f459be,2026-07-19
344,330,charge,294.57,card,success,5d0c8205-0a22-4e56-bcfe-8ab0919883f9,2026-04-02
345,331,charge,1418.04,mada,success,68b666d6-66a3-43db-8960-42b0dbe7a333,2026-08-23
346,332,charge,802.5,card,success,ae3acdf2-eac9-41cc-9ea3-93eadb646a33,2026-05-20
347,333,charge,632.62,card,success,8331d711-5de2-4a7d-b0da-152821051c60,2025-11-09
348,334,charge,1385.91,card,success,504b10c8-f3b9-47f2-9fe7-e068d847260b,2025-02-06
349,334,refund,1385.91,card,success,69c718ee-aea4-47d6-955f-a2f45fa9b21a,2025-02-07
350,335,charge,677.03,card,success,e09dd9e8-4348-4887-b339-3f5d8185716a,2026-08-18
351,336,charge,484.9,upi,success,0aecc94d-aebb-469f-bdc2-705ce023282a,2026-06-20
352,337,charge,895.86,upi,success,0e9b65bb-a4d4-4431-ba38-f5a09ee08a70,2025-09-09
353,338,charge,142.3,card,success,b32281f3-3eac-4015-8a64-25fcbdb4f711,2026-05-23
354,339,charge,736.3,mada,success,279163f4-0208-4c91-8f90-9d9dd23c7585,2026-05-25
355,340,charge,2352.66,cod,success,6035d9af-4a68-4bad-9af4-cf72da622059,2026-05-31
356,341,charge,35.84,card,success,da948cdf-6637-4dc7-91f4-48bb28802cff,2025-09-04
357,342,charge,487.76,card,success,dfc8e060-6362-4509-b919-e3be12aebb0e,2025-02-24
358,343,charge,801.78,cod,success,5953ff90-17ef-4203-ab4d-738c7657e37c,2026-09-12
359,344,charge,669.2,upi,success,88fd5890-a479-4ce2-b7ee-e00f7743c104,2026-03-10
360,345,charge,1002.97,apple_pay,success,1bef39f1-7700-4b2e-917b-6fc6e66eb0e2,2026-05-18
361,346,charge,2025.19,cod,success,1bbcb748-bb55-4fa3-ae26-651915f87768,2025-06-14
362,347,charge,879.75,cod,success,659e2deb-ec28-4a93-b5a4-f270eadeae69,2025-12-22
363,348,charge,2310.94,upi,success,66ca0baf-3310-480a-aee0-95d5c4a9d8ac,2025-12-14
364,349,charge,931.25,apple_pay,success,57a911b3-5139-44a1-9081-34dc54270925,2026-07-16
365,350,charge,1437.7,cod,success,366f4268-7c7d-4490-9ab7-f449ff169376,2026-08-07
366,351,charge,916.65,card,success,1d447f41-79e9-44e1-bdc4-d680b3c95502,2026-01-30
367,352,charge,254.23,cod,success,8b8a7166-09cc-4f05-b45f-44334743968f,2026-06-15
368,353,charge,330.69,card,success,2540647b-784f-4b14-b2d3-1a6527dea64c,2025-11-16
369,354,charge,1215.12,cod,success,9175fc63-51f7-4017-b6a5-fabaa3e53892,2026-07-26
370,355,charge,948.93,mada,success,c632554b-99e0-4598-bce1-2a250804ccea,2025-12-31
371,356,charge,663.68,upi,success,cefc0e85-efbb-4216-8ff9-7696615a58bd,2025-05-25
372,357,charge,326.64,upi,success,fa82f65d-6e1b-4be2-8a20-8c075c8aca1b,2026-09-27
373,357,refund,326.64,upi,success,362465c1-0dd8-463b-b6a2-bf6979315fc6,2026-09-28
374,358,charge,929.52,cod,pending,c234af07-f3e0-4b1f-85df-9333de36992f,2026-07-05
375,359,charge,92.55,upi,success,4087be6a-4514-4416-ac44-821eaf051764,2026-08-08
376,360,charge,777.75,mada,success,2448ef43-1566-4d1a-ad15-420ba2bc6715,2026-04-23
377,361,charge,630.98,card,success,14eae37c-67b2-416c-861e-a8aa11baf616,2026-09-13
378,362,charge,2746.1,card,success,73905263-b653-4dba-9faf-c6cf4c5fccfb,2026-09-14
379,363,charge,2257.62,upi,success,36cf9429-8657-48ff-ab72-e451df0ccde7,2026-07-10
380,364,charge,380.38,card,success,2f1fc132-426b-4236-a4a0-7521ab6dd0aa,2025-12-18
381,365,charge,836.23,card,success,e51bdfff-17aa-4aee-8dc2-0df3d49edd91,2026-07-25
382,366,charge,325.22,apple_pay,success,f69f239b-578e-411f-adb4-6c7fe6d1fe21,2026-05-17
383,367,charge,1738.29,card,success,32d7cc22-2a1e-4a7b-8c01-f701c0d02553,2026-04-20
384,368,charge,1173.0,apple_pay,success,7b4bcaf8-6b4a-4541-b123-167e596a2b36,2025-11-20
385,369,charge,411.72,card,success,c8aae0c8-b057-41fd-8916-f0b779ba547e,2026-02-19
386,370,charge,1219.33,mada,success,6fd1134e-b25a-4809-b730-e52e2922ecb0,2026-05-03
387,371,charge,1995.96,upi,success,92004957-b161-4d16-a9a0-02a45acd1e90,2026-08-24
388,372,charge,467.09,cod,success,8f97b21d-028a-4f1c-92b1-2838639e8bbc,2026-09-26
389,373,charge,1073.26,apple_pay,success,32d4d3a5-98dd-4c3c-a4ce-b832c8776e4b,2026-04-17
390,374,charge,275.66,card,success,9417e0f5-aaff-46ff-b904-6b5213eb4599,2025-12-17
391,375,charge,757.88,cod,success,aa000756-52e0-434e-a505-a2b69dd3c15a,2026-01-23
392,376,charge,1131.28,mada,success,bbfecb11-f060-46a1-92d1-2566fc829c09,2026-09-27
393,377,charge,1863.12,upi,success,bbae2fbd-bc99-4291-9342-98bebe2a85c6,2026-06-26
394,378,charge,557.64,card,success,e58118d1-2687-4443-83a1-beac5107256e,2026-07-11
395,379,charge,2481.03,mada,success,7fdbabc1-25c1-4e41-af0e-c9cb756aae2d,2026-09-21
396,381,charge,1758.14,mada,success,cac19d2e-1d15-471c-9100-1ab9dd42da67,2025-12-20
397,382,charge,601.74,mada,success,43470982-6808-4471-ac87-ae14f8505ae9,2025-10-23
398,383,charge,569.96,cod,pending,fcfd348c-00f0-47fe-b8e7-bcf5854c0d1f,2024-12-28
399,384,charge,1402.3,cod,success,db75dada-d51f-4de1-b17d-aa267357d500,2026-06-12
400,385,charge,1921.63,cod,success,a3900655-7307-43d5-a261-078d202f00a8,2026-08-01
401,386,charge,664.77,mada,success,09572517-18f2-4999-9410-8438f82e5e1b,2026-09-15
402,387,charge,604.19,card,success,300a491a-faa1-4736-bee6-b06e37f7a96a,2026-08-07
403,388,charge,975.41,card,success,c63e0e47-8bcc-4e8d-b24a-4a6d6b90a95b,2025-12-04
404,389,charge,87.44,upi,success,3754c5ec-60a7-4c20-99d7-6c9c2a8598d1,2026-05-06
405,389,refund,87.44,upi,success,30efcbd3-f3ce-48b7-b5b3-0874591c228f,2026-05-07
406,390,charge,550.46,upi,success,f481b9cb-93ab-4d5e-adfc-1dc4f8c43f7a,2026-08-14
407,391,charge,612.87,apple_pay,success,5d21a235-d053-47f4-9ec9-1fdc03add1a4,2026-01-15
408,392,charge,326.78,upi,success,4e954929-e58b-4d2d-8d4c-3b8004251c71,2026-01-29
409,393,charge,1172.34,upi,success,1fef4fb0-de25-45fe-91ad-5c228088a7de,2026-05-30
410,394,charge,1147.57,card,success,ffc19ef6-a61f-435f-bfc7-06f0b30672dc,2025-08-15
411,394,refund,1147.57,card,success,5a0ae917-690f-4c3c-a9ff-6cc074bc405c,2025-08-16
412,395,charge,2036.33,card,success,6d0473e7-8adf-4e46-9403-fd025a2a83bd,2025-12-29
413,395,refund,2036.33,card,success,55f8bbb8-c3dc-4b92-b95c-a96d85ee751c,2025-12-30
414,396,charge,492.5,apple_pay,success,75757602-2d02-423f-ad25-32e51d0678b7,2026-02-11
415,396,refund,492.5,apple_pay,success,8d814215-2d49-4058-9f84-e3c56daa8c7e,2026-02-12
416,397,charge,128.85,card,success,6f959489-8af2-420e-a9a3-e5f6984ad463,2026-01-29
417,398,charge,1072.67,apple_pay,success,a8dbe9a1-d857-4c60-88f7-972661ae2255,2026-05-27
418,399,charge,764.24,card,success,a254da12-6fff-45cc-ae26-f348b044db1b,2026-06-19
419,399,refund,764.24,card,success,f01a5097-9ed0-4e5f-b3bc-57914882f6eb,2026-06-20
420,400,charge,289.9,cod,success,1966d047-db64-4c52-a7e7-eec3ecd5afa3,2025-07-04
421,401,charge,248.86,card,success,d655005d-ce52-4176-966e-46aefed01fca,2026-05-29
422,402,charge,614.63,upi,success,043486c3-a64d-4c1d-96f2-83191a936d0c,2026-09-15
423,403,charge,290.91,card,success,1a8a76f3-6949-4fce-aeb8-1b7d9dc33d41,2026-01-03
424,404,charge,1163.46,upi,success,9fb30a4d-c071-4a38-bffc-4f097f1464b3,2026-09-08
425,405,charge,1409.39,mada,success,a22eb45b-1986-433d-8b73-aba7ed5edfa2,2026-08-21
426,406,charge,1325.01,cod,pending,ce4d89f3-94cb-494e-80dc-4cf971b0c1fa,2026-04-29
427,407,charge,934.08,cod,success,da095b0c-4a37-4da3-aaef-0d3e085acd62,2026-03-15
428,408,charge,1401.79,upi,success,c6e19fd7-390e-4f57-b63d-2fb56baf1e8f,2026-09-01
429,408,refund,1401.79,upi,success,1d4ff1c8-618e-42a7-8d34-dd8374629fb5,2026-09-02
430,409,charge,515.16,cod,success,f35757c5-7836-4477-9b39-455032103c49,2026-05-20
431,410,charge,289.94,cod,success,cb33478a-f7b5-405b-99c1-d16c1fdb563a,2026-04-08
432,411,charge,2116.09,card,success,e8724434-69b6-475e-b6c5-3d2be9fdd358,2026-08-01
433,412,charge,125.3,cod,success,c8ddd9bb-b42e-4714-a515-81bad206e99a,2026-09-06
434,413,charge,3011.48,cod,success,f08aba21-01f2-48f5-a553-b5aabdbc34f8,2026-09-17
435,414,charge,799.19,card,success,81ef8162-3953-48bb-883e-00325fe8a7f4,2026-08-17
436,415,charge,269.97,card,success,a89f5f9d-e12d-4f58-8482-0852489a4ca4,2026-08-05
437,416,charge,789.64,mada,success,e71594ff-d6a6-4618-8eb1-8c8843b63613,2026-03-02
438,418,charge,1025.92,card,success,ac5d7133-6a2a-4cad-a8ca-5b2ecb8e2d61,2025-10-24
439,419,charge,2171.66,card,success,e8b81813-e672-4bf5-8110-783e3dd6831b,2026-04-26
440,420,charge,457.08,mada,success,06b81c8a-03f9-474d-885d-5d016a2062aa,2026-05-14
441,421,charge,1433.6,card,success,d73cad84-5fd9-4dfe-8a5e-df3827439b53,2026-01-08
442,423,charge,1642.63,mada,success,bdc242a8-d1ed-4618-84da-c679d113b5ff,2026-03-31
443,424,charge,954.32,upi,success,2ba009ec-55c8-4441-9145-c6f899960a38,2026-06-29
444,425,charge,332.41,upi,success,6e15c527-fe2a-4cbc-927a-e04ef58b8c61,2025-12-05
445,426,charge,259.58,upi,success,64305373-f936-4968-8e44-f2f83de8a4cd,2026-08-10
446,427,charge,354.24,card,success,64b078a7-a4f9-467f-9dc3-bbee31523136,2026-05-04
447,428,charge,1113.68,card,success,ee93a4d0-cd24-420c-8d34-6977d41bd8bf,2025-12-22
448,429,charge,462.31,cod,pending,f07bf9bb-20fd-4784-add9-a87993ee36ee,2025-07-01
449,430,charge,656.25,mada,success,ba65983d-fa33-4a98-a3f2-0557a2e2d1ca,2024-12-25
450,431,charge,798.45,cod,pending,5170a2ef-e777-4664-a732-ceca2c78bc22,2026-09-27
451,432,charge,1487.56,card,success,3b20d154-6ff9-4cf7-a88f-c36a846c454c,2026-09-01
452,433,charge,879.84,apple_pay,success,20572e73-cd19-4b5e-b5c4-3078197df05f,2026-01-10
453,434,charge,933.47,mada,success,93b1ee1d-a1a6-4f32-9e4d-acd68116fd6c,2026-02-25
454,435,charge,923.28,card,success,c31db215-d7d0-4c99-a45a-e8eec8c6a8b1,2026-09-04
455,436,charge,531.92,mada,success,d65bc676-429e-40e0-aaaa-94c8a097efe3,2025-07-18
456,437,charge,77.58,mada,success,52891c31-f2de-45fd-a8b7-b5418d8b3728,2026-08-19
457,438,charge,512.64,upi,success,06905ba5-17e0-4df5-97df-85b33429c8cf,2025-06-24
458,439,charge,1041.79,apple_pay,success,c520d50f-a0ff-4498-82f4-298f6ffad356,2026-05-25
459,440,charge,798.53,apple_pay,success,9e3bc735-071f-4a27-a72e-31b197e1bc36,2026-04-15
460,441,charge,206.4,card,success,f8ef32ee-ebac-42ef-8b2e-1eb3b523b1f3,2026-01-27
461,442,charge,261.72,cod,success,067965ab-61e5-48ca-9261-14b7142a6f47,2025-07-09
462,443,charge,2015.89,cod,success,fbc1085b-216b-4833-bbf2-82a9be09f835,2025-11-13
463,444,charge,4029.34,cod,success,c7101f3d-a1aa-49f0-a26c-2d5a742617e7,2026-08-02
464,445,charge,142.85,mada,success,a70bba9c-3d5e-49df-afc2-147c5badd755,2025-08-24
465,446,charge,889.12,cod,success,319ec58b-4c03-4d16-b8c4-f346e5dd614c,2026-03-04
466,447,charge,927.76,card,success,b9ef9fa8-3ec8-4e58-9728-2d3089111a42,2026-06-29
467,448,charge,959.4,cod,success,60cb9e17-c93a-4471-8e9d-ef4ec7affa24,2026-07-25
468,449,charge,738.62,cod,success,0d3f69ed-a8c5-4cca-82ae-cc90c5386208,2026-05-28
469,450,charge,1694.42,cod,success,24ce1460-ef5a-4491-953d-165346641858,2025-08-14
470,451,charge,760.58,cod,success,fc1bb61a-a36d-4d54-85ec-8e9fa09fc700,2026-03-18
471,452,charge,1127.51,cod,pending,1c66021e-1a79-4ec1-9def-b7bb945094c8,2026-09-04
472,453,charge,654.94,mada,success,1f683d6f-988c-49db-ad5c-ea4e758964f5,2026-06-04
473,454,charge,874.35,mada,success,4312153d-484f-4f7c-a44f-52f41b696031,2026-02-15
474,456,charge,1733.85,apple_pay,success,13cf44fe-17c0-4e28-ae3d-9de2e504d1c6,2026-09-07
475,457,charge,760.5,apple_pay,success,e9a7f5e0-5c84-48db-9839-40c97e86d7f8,2026-08-30
476,458,charge,715.9,cod,success,19c59f2d-640b-4b85-b53d-aedcd69bdeb1,2026-07-13
477,459,charge,341.9,card,success,69eb337c-059e-48d8-8ba2-0d387db4990d,2026-03-18
478,460,charge,756.74,card,success,a02cbed2-f58f-41b0-bc8c-65ab12d5dfe5,2025-12-15
479,461,charge,175.58,mada,success,6b7f0864-aff5-4774-b5d5-f4e513893a70,2026-05-22
480,462,charge,2097.86,apple_pay,success,a2307350-5047-4a3d-a3c4-43f16010ab93,2026-03-05
481,463,charge,804.85,cod,success,293e16b3-cefd-4224-b36c-c67ee886818e,2026-08-07
482,464,charge,1079.97,card,success,e754d4c3-0298-4dd2-8c7b-34e22e07cb63,2026-04-27
483,465,charge,3195.99,cod,success,a197339c-913a-4b6c-a8df-e59a2dbdc7cf,2026-01-25
484,466,charge,231.92,cod,success,1e014975-080d-4370-9ad4-c20f9b4dbb90,2026-07-21
485,467,charge,436.26,card,success,58c6d166-fe65-4782-97c2-6cfdf9d59f7f,2025-08-22
486,468,charge,260.46,apple_pay,success,999921ec-9d2f-4e76-beb2-d1727be19731,2026-09-29
487,469,charge,505.42,upi,success,85915036-288c-4222-8148-a2458be64b98,2026-07-29
488,470,charge,1595.09,mada,success,1f20c257-ed34-4e32-8126-fa8fbddfd7eb,2026-04-21
489,471,charge,927.28,cod,pending,89344b06-0790-4eb4-9b2a-1376315e4e80,2025-05-16
490,472,charge,623.8,mada,success,c2ce56bd-8301-43a6-849b-50bc05e5d461,2026-04-06
491,473,charge,254.33,cod,success,5d697934-ddeb-48a4-b75f-dd572700260b,2026-09-10
492,474,charge,3416.09,card,success,078d27e5-378a-4ba6-a608-d6d31d62c6b5,2025-11-21
493,475,charge,1309.36,card,success,155c8139-3842-43b4-a378-ff4453d9a4dd,2026-08-04
494,475,refund,1309.36,card,success,2067902b-f099-42b6-b10c-cf77ba4d6c8e,2026-08-05
495,476,charge,687.88,card,success,33013b08-7b48-4db6-860f-01a54480d02d,2026-07-10
496,477,charge,487.53,apple_pay,success,b544f70c-593a-4b51-978b-55e7f406d6e0,2026-09-21
497,478,charge,897.06,cod,success,77902ddf-4b58-4ceb-a6e4-86bf8d2eea22,2025-02-25
498,479,charge,2217.0,cod,success,6fa1c232-7eec-4c53-8f1b-6490bec51040,2026-04-18
499,480,charge,124.98,card,success,ec1f0155-6662-4bd2-b243-b5c6833d7595,2025-08-17
500,481,charge,386.55,card,success,32a807cc-2c47-4336-8006-1add316c00bc,2026-01-15
501,482,charge,37.54,card,success,b7a745e2-e327-419f-9895-cceaafe2ff5c,2025-06-29
502,483,charge,429.27,apple_pay,success,1a574cee-6490-4d65-b63d-329547f50a35,2025-09-29
503,483,refund,429.27,apple_pay,success,966b91e7-c435-4e28-8b0c-17099569f8cb,2025-09-30
504,484,charge,779.14,cod,success,34b16488-cb4a-4b4b-aa68-3e184fc40b0a,2026-05-23
505,485,charge,710.35,card,success,6ef7ffc3-7ce2-4b5b-b8d8-f272f429c05d,2025-07-17
506,486,charge,1052.08,card,success,98a91187-6c7a-4c9d-b237-64bae202f022,2026-06-17
507,487,charge,1822.68,apple_pay,success,5199839c-d0de-4fb6-858c-6c02bf409640,2025-09-20
508,488,charge,1027.87,cod,success,620f4af4-9b77-4a46-9b88-fe699f7717ca,2026-09-09
509,489,charge,1062.78,card,success,5a58abba-9130-4877-b320-e68f6de77482,2025-04-20
510,490,charge,153.77,apple_pay,success,d1c06099-a1f8-46ce-a5dc-6ce55fbbdfd7,2025-12-26
511,491,charge,614.88,upi,success,e3b2f985-2ad0-457e-b30c-19bc1073c0c3,2026-05-13
512,492,charge,286.8,cod,success,40c8c7a3-82e8-47ae-b545-dfb308a47ee1,2026-08-13
513,493,charge,486.29,card,success,9a980457-4b21-4512-a8e9-31d8963d101f,2026-08-17
514,494,charge,140.76,card,success,f34bfa59-a525-43e3-a093-97d5d3a1b88a,2026-07-13
515,495,charge,1871.18,cod,pending,65f76d06-5a2d-465b-87ce-baaaf713c245,2026-09-05
516,496,charge,760.12,upi,success,cf1d46be-2e0e-443d-9d59-b30807aa2515,2026-08-27
517,497,charge,2273.64,upi,success,2f981e44-ca78-4f58-adec-4b0d529b3b96,2026-04-21
518,498,charge,112.7,mada,success,37164f31-1298-4e9c-becd-2b8c5b952506,2026-07-31
519,499,charge,479.4,upi,success,252151f9-5f39-4d2b-9f25-210ea82e2d61,2025-01-11
520,500,charge,1586.38,cod,success,02774ef3-1f4f-4a0f-907f-fc32c78e4415,2025-12-30
521,501,charge,1757.31,cod,success,b780606a-02ca-48d5-b033-ee83518f0ed4,2026-07-01
522,502,charge,311.64,cod,success,9145aa38-7722-4c2c-b6b9-ca355430c8c3,2026-06-14
523,503,charge,522.18,apple_pay,success,3b8ede31-e614-45dd-9251-d645cb94cf8d,2026-09-21
524,504,charge,840.45,cod,success,489af195-62b6-4594-90f4-c9418fc7ad79,2026-08-10
525,505,charge,2023.42,cod,success,37abaed7-86fa-4a83-b651-1c939a0fb0b8,2026-02-02
526,506,charge,2775.36,cod,success,b75d2f0c-472e-4f3b-8f9a-fd511a58fa44,2025-05-18
527,507,charge,222.16,cod,success,ceb380ac-e223-4389-b23e-d1fc9b9f9efe,2026-03-23
528,508,charge,60.1,cod,success,92ee4820-1327-4db9-abdd-439adc233c06,2026-07-07
529,509,charge,152.16,cod,success,aea03292-6bf7-4125-a571-f542e485a118,2026-08-07
530,510,charge,369.59,cod,success,d03a9ed2-515a-4eea-af69-a1cfc19666e9,2025-08-26
531,511,charge,303.42,cod,success,0cb68029-3276-4b75-b2b9-fc5651f37a1f,2026-05-03
532,512,charge,2135.95,card,success,0bfa8cd5-7fa7-4708-be72-79cecd7f65f6,2025-12-17
533,513,charge,2590.99,apple_pay,success,1e87c27e-6bd6-4443-8640-1757fd81a925,2026-09-08
534,514,charge,1094.49,mada,success,99f75c76-2bcf-403f-b3e9-b99b1fc489b3,2026-08-23
535,514,refund,1094.49,mada,success,3c862582-6202-435d-9756-fd3353ae1065,2026-08-24
536,515,charge,1047.63,apple_pay,success,0490eb68-48f8-4df6-8571-dd83938fdb37,2025-10-16
537,516,charge,569.85,cod,pending,9364ecb5-db29-420a-8886-b7c6a4c755b0,2026-09-16
538,517,charge,671.56,mada,success,7636ae1c-e961-41f3-8130-8be0fcea9a96,2026-04-01
539,518,charge,3923.02,mada,success,f783b6f6-d775-4809-a18d-052048cc32c6,2025-12-08
540,519,charge,442.57,apple_pay,success,88914b26-e555-4570-8979-5e75671e9bb8,2026-07-16
541,520,charge,3699.32,card,success,565f2ea8-0a03-48cd-870b-230ceb044ecb,2026-07-20
542,521,charge,468.61,apple_pay,success,784aee43-11c7-4eb2-842a-6bd7a51004b8,2025-12-11
543,522,charge,1704.7,card,success,6a429bd5-cd71-42b4-9471-104f1859c5ae,2026-09-13
544,522,refund,1704.7,card,success,5133577b-4651-4173-8d0e-391db9272714,2026-09-14
545,523,charge,536.46,apple_pay,success,146b9fbc-667c-4788-9887-f3d2c0f1fa3a,2025-11-17
546,524,charge,787.72,mada,success,7e6ae55c-502c-46f1-864d-10e38e738520,2026-07-18
547,525,charge,182.4,mada,success,4c66d04f-64b1-4c49-8c0c-f61e9cc10bd8,2026-04-23
548,526,charge,512.63,mada,success,7e4b4f10-745f-480e-bbe5-403bb24b007b,2025-12-12
549,527,charge,1907.45,card,success,e914ae70-f797-4ec8-a41e-f111d94296b6,2025-06-26
550,528,charge,1505.07,card,success,f00d5a65-5fb8-4f18-97d3-ce211f14eb34,2025-10-25
551,529,charge,761.17,mada,success,39590149-077f-4e36-9a4d-67db9e33bdbc,2026-05-12
552,530,charge,1522.69,upi,success,23841977-02a9-4064-9351-1e950c3edd5c,2026-03-29
553,531,charge,1034.23,card,success,dc83f96f-52a6-43d4-be58-a9701aea2c2c,2026-06-12
554,532,charge,636.2,cod,success,39f18027-6f88-42c0-b968-ab06b0067b61,2026-06-03
555,534,charge,2589.77,card,success,b95f22d5-30ef-476b-9688-43992b91aace,2026-02-16
556,535,charge,496.52,upi,success,d0ef0cd4-5e6e-4398-8ff1-b675e6fb976b,2026-08-20
557,536,charge,749.69,cod,success,0143d636-fd54-425b-899d-6cd2e7232e8a,2026-07-07
558,537,charge,324.56,card,success,0d700c8b-de36-490a-b030-9415ef21db2c,2025-09-08
559,538,charge,2741.76,cod,success,0b070a68-c8f2-47a3-a221-3776427ae472,2026-03-17
560,539,charge,485.61,card,success,4de5f4af-f278-45f6-8c49-f33a1c5d9fe9,2026-01-09
561,540,charge,261.72,cod,success,b01ba134-544e-4743-8383-9f121335f6c3,2026-08-17
562,541,charge,1200.01,cod,success,612a9cc6-cfff-4d34-8aa8-1f139cdd39a7,2026-08-22
563,542,charge,721.98,card,success,ecc38555-2b9b-4ffc-b2db-b2c54518f4c6,2025-07-14
564,543,charge,2215.88,upi,success,1eb1dc0c-75f0-46c0-955d-307823447519,2025-01-25
565,544,charge,877.13,upi,success,25e36ccd-dca5-44f2-91bf-c946205474fa,2026-07-15
566,545,charge,566.03,card,success,d9a3ac28-e346-41b7-9589-9035c0c6e3ff,2026-01-27
567,546,charge,1496.29,cod,success,a30c1e0e-69cd-4159-a53d-fc49f7410b94,2026-05-17
568,547,charge,732.68,upi,success,85924e5f-1f53-4b6e-ab11-77367260282f,2026-09-12
569,548,charge,923.76,mada,success,7a59697d-93f0-40c7-bd92-f1cb87101172,2025-08-03
570,549,charge,68.36,mada,success,47d1931c-f9f2-49ab-bd77-71f8a948ec66,2025-10-13
571,550,charge,597.0,upi,success,7b92a41d-bb19-40fe-85cb-fedd5268c879,2026-09-18
572,551,charge,1793.55,mada,success,c425d020-4389-4f66-9780-29e939d00762,2026-04-11
573,552,charge,2551.0,mada,success,5a5ed7eb-1532-4177-b61d-170a4bd600e6,2025-12-05
574,553,charge,1137.08,upi,success,3e0c5ec5-df74-4fb5-95e6-162f8efadaa1,2026-05-13
575,554,charge,890.25,apple_pay,success,db19de67-bc3a-4abb-a5aa-9765a8d3bb7d,2026-05-26
576,555,charge,152.47,cod,success,133ca9cf-13f8-4789-b1e9-3b1a34b549be,2026-03-04
577,556,charge,485.27,mada,success,3664cafa-0f6d-4751-be9e-7b8af8c59ac6,2026-09-08
578,557,charge,681.6,mada,success,77d8b428-3754-4771-aba5-d1c9035c5d03,2024-11-15
579,558,charge,752.37,cod,success,7cd6572f-301b-4b4e-a293-4e8ed189f750,2026-08-01
580,560,charge,96.76,card,success,d06200e3-356a-4651-9727-bd831ac2c99a,2026-03-01
581,561,charge,2123.96,upi,success,8390bd94-8713-481f-82f8-6229972c8583,2025-12-28
582,561,refund,2123.96,upi,success,f1c2fa18-c2af-46a6-9038-4c0ddbc3f559,2025-12-29
583,562,charge,450.84,card,success,a7c10adb-743a-4892-b561-10f64fd3ca88,2025-07-14
584,563,charge,1027.45,upi,success,1b0c9092-8127-48f7-9909-e0c9276c7935,2026-01-26
585,563,refund,1027.45,upi,success,eaacabb4-3802-485f-a14b-a540ea041d0b,2026-01-27
586,564,charge,2046.81,upi,success,73d2939e-f99d-46d5-a2b5-17815d17c25d,2026-05-21
587,565,charge,917.26,cod,success,33f92a87-8372-4123-9ed7-a652de2bfe58,2025-12-30
588,566,charge,747.89,card,success,11925880-301d-4817-a673-d42dc7af75de,2026-03-13
589,567,charge,2232.8,mada,success,afaf20ec-2a08-4526-ac4f-e33d47206b6c,2026-07-08
590,567,refund,2232.8,mada,success,93c6267d-dead-44fc-b395-26574ea12bd9,2026-07-09
591,569,charge,407.16,upi,success,760116cf-25b4-47aa-9a20-e3baa5fc6d09,2024-12-20
592,570,charge,312.14,card,success,1c36036f-beba-4619-9b6f-b706e04e6585,2026-01-03
593,570,refund,312.14,card,success,75fa0ebe-e4e3-4c20-843f-1b5f3d958061,2026-01-04
594,571,charge,604.8,cod,success,79eae461-0751-4daa-844a-2a482fe12ed8,2026-07-14
595,572,charge,391.35,mada,success,5a19d7ab-73e0-467e-87e8-1b25a9715404,2026-09-23
596,573,charge,1582.7,cod,success,8ce0bd8f-ed4b-429f-9e4a-a01643fcf7b7,2026-04-30
597,574,charge,1464.09,cod,success,3649f585-6e75-4e7a-9abb-b78f1585665d,2025-12-10
598,575,charge,272.67,upi,success,6e4c1501-808f-4cb9-a59d-12db268f090a,2025-04-28
599,576,charge,526.89,cod,pending,70fbb28e-0d9b-43b5-956f-f3c182077e01,2026-01-27
600,577,charge,539.1,cod,success,0c941263-190a-40d6-9ea9-f25945c86249,2026-06-17
601,578,charge,516.66,mada,success,ed92b753-bb64-4511-a1ec-ff07a60c1329,2026-03-29
602,579,charge,1029.18,cod,success,307fc576-4b43-4873-b1a5-80d76c2ec07e,2026-04-24
603,580,charge,641.31,cod,success,46a3110a-9813-4b31-ad38-9d1f6716d461,2026-09-25
604,581,charge,728.69,apple_pay,success,84c42de1-7e5d-421a-9b81-b89887916cbe,2026-09-17
605,582,charge,1204.02,card,success,0cc46000-ae60-4948-9bf3-84ef6efe2368,2025-12-12
606,583,charge,472.96,cod,success,1c6fec01-f57f-4bba-bfba-cf5fa576db48,2026-03-05
607,584,charge,579.41,cod,pending,e5228d31-0d9a-4fce-9d7c-f46d3836613c,2026-02-21
608,585,charge,3106.85,cod,success,3d1fd7c0-4424-41ec-9342-4e7c0922d88d,2025-03-17
609,586,charge,1201.78,apple_pay,success,4684833e-19dd-4b90-8839-c8e410db5fdc,2026-08-25
610,587,charge,834.71,upi,success,b3133c8e-9ec6-495e-a1f2-17be39f99c64,2026-04-21
611,588,charge,249.18,card,success,649423aa-6454-46be-a791-346cb7403274,2026-09-18
612,588,refund,249.18,card,success,d2f629ca-bbe2-47ba-b84a-996719ef13bf,2026-09-19
613,589,charge,575.31,card,success,7ec391ef-44ad-4484-b112-3048e128b9a8,2025-08-08
614,590,charge,169.05,card,success,341d85cd-c925-4285-abc8-906f34a91b86,2026-09-29
615,592,charge,1052.11,upi,success,b4b2ce14-49b9-4124-a30b-d3b558fe7bd2,2025-07-03
616,593,charge,1138.49,card,success,00cb9caa-bbdf-4574-89b8-f7ba98a7fea2,2026-02-26
617,594,charge,2343.51,cod,success,e8646e0c-80d4-48b9-af61-5360182047f7,2026-07-19
618,595,charge,331.01,mada,success,bd350d2a-7a0c-456d-9f43-25f4b3521505,2026-09-10
619,596,charge,539.1,mada,success,b01c9191-e81b-40ff-9a41-a15f4e29b9da,2025-10-02
620,597,charge,468.81,apple_pay,success,ae7303c0-50ab-4660-ab94-5cbb3d162ab9,2026-03-10
621,598,charge,455.9,apple_pay,success,55082167-2ff5-4dab-aaa9-46d411c7c76c,2026-07-07
622,599,charge,170.41,card,success,f6558f35-244f-45c6-b489-0e8ce65dd443,2026-04-29
623,600,charge,2104.51,upi,success,6d8c5504-797f-4e4d-aa81-0850034296fa,2025-12-16
624,601,charge,390.96,mada,success,f9705e4b-2d71-4040-8554-e88b558492ba,2026-05-26
625,602,charge,1046.44,apple_pay,success,2bb4a408-13b4-44f6-a19a-17f6438a819e,2026-07-29
626,603,charge,1232.81,upi,success,027deb45-da64-45b5-82a0-72ddade03e6c,2026-09-24
627,604,charge,371.77,cod,pending,794ceef2-f833-4fa7-9a26-15f89810b8c1,2026-08-07
628,605,charge,400.2,mada,success,df8b4008-7d01-45a3-8041-f5d49549e631,2026-01-29
629,605,refund,400.2,mada,success,0b90b03d-1c00-4895-b8fa-3b843f5cd7ed,2026-01-30
630,606,charge,1158.86,card,success,ae1782f6-9138-4474-8473-b982d1a529db,2025-07-30
631,607,charge,1506.47,apple_pay,success,3a710f9e-d5da-46fd-8a68-998ffd8bb697,2026-05-14
632,608,charge,1445.98,cod,success,c1472ff2-2ad4-4bba-80ce-350586780a98,2026-04-21
633,609,charge,1950.86,apple_pay,success,19991b39-180a-4e01-8677-36bc258675e9,2025-10-27
634,610,charge,989.5,cod,success,55eef366-bc76-4752-8dcb-e8184dfa6a17,2026-09-11
635,611,charge,486.3,card,success,59ccc94a-bc1c-460d-bd9c-03c773deaa56,2025-06-05
636,612,charge,403.2,card,success,a9d52401-41e1-408c-8bb3-fbb2fd6314f2,2025-08-05
637,613,charge,990.39,card,success,7570b0ac-5d42-40d5-80e7-ca767c8ad37a,2026-06-03
638,614,charge,1888.66,cod,success,4d171ebc-5a45-48ea-93e7-63d10378bcb7,2025-09-27
639,615,charge,198.79,mada,success,84909370-e430-4b91-956f-e90eb5ccdbe6,2026-09-22
640,616,charge,1671.04,card,success,dd7902fc-db61-4a80-a9f7-c6d1c6475ae2,2026-09-23
641,617,charge,2107.3,card,success,7bfeadd1-9882-461a-97fc-88c5e6f467b9,2026-09-29
642,618,charge,596.39,cod,success,84f16d9d-af8f-4cf0-851a-9ec71cdde8ca,2026-02-05
643,619,charge,68.36,cod,success,25dccca2-054e-4210-a3c9-f400ba6c557c,2026-08-25
644,620,charge,384.08,cod,success,3862abcf-db34-47bb-a90a-a98bfa87fba5,2026-06-21
645,621,charge,299.68,upi,success,5b7117bd-2442-4191-be7c-7d6ea8cc4515,2026-06-01
646,622,charge,1048.26,card,success,93dc8eea-3e8e-436a-87e9-5e6d7f71eef6,2026-03-09
647,623,charge,1125.83,card,success,6e43b319-f929-4271-b220-58f9bdb2fd9e,2026-01-01
648,624,charge,1427.64,card,success,16daa8f5-be8e-466f-b4d0-91d15c02f1da,2026-02-02
649,625,charge,150.0,cod,success,60b61367-f46e-4787-abaf-89c7319fa2f7,2026-05-11
650,626,charge,548.5,cod,success,461fe028-f727-4e90-9ba1-68b8a3840e2b,2026-05-11
651,627,charge,272.97,mada,success,8b7fa47e-adc5-4fc7-a07b-f99be08c82ea,2026-08-19
652,628,charge,661.52,card,success,fcc1c48c-7303-40ca-a992-6bade6335f58,2026-05-11
653,629,charge,897.49,card,success,2cc9abb6-86e3-4e9b-a047-9ecbf5538cd3,2026-03-25
654,630,charge,1005.47,mada,success,594de8d7-add7-4b0f-a90b-365143eb4ff0,2026-07-14
655,631,charge,2411.55,apple_pay,success,96d26487-641a-4b74-94c9-3d44e353a243,2026-06-28
656,631,refund,2411.55,apple_pay,success,46b821c7-fe73-4856-b1fc-fc366ad3cc40,2026-06-29
657,632,charge,528.76,card,success,945b3711-0a85-4722-b0c9-5ec44f2fcfd6,2026-06-03
658,633,charge,1220.9,card,success,d58c449e-57e0-457b-b3ab-800b8523d070,2026-07-30
659,634,charge,360.57,card,success,cb9aefff-6ef7-45aa-9f7a-63af9cc41ca3,2025-09-11
660,635,charge,324.2,cod,success,cae2f489-f7d8-4086-9110-c9fd747cb18f,2025-12-11
661,636,charge,257.7,cod,success,1c35730b-49d5-4453-98d4-d949cad6d3ef,2026-05-31
662,637,charge,1078.24,card,success,ed5f24c3-7fb9-4e49-8222-3c10f82f2dc3,2026-09-07
663,638,charge,487.83,apple_pay,success,ae50f96e-7760-44f6-a5aa-620faf7ead9e,2026-07-10
664,638,refund,487.83,apple_pay,success,4a2f2373-f777-4816-85ef-875e26755363,2026-07-11
665,639,charge,1421.04,card,success,29a099de-aa10-4595-8ee2-51809fb109a3,2026-02-15
666,640,charge,1327.46,upi,success,108ab4de-49cb-4790-bca0-8cde4dbbb7cd,2026-09-09
667,641,charge,3424.04,cod,success,74300ccc-03fd-4d08-8b73-361fccbeb6db,2025-12-20
668,642,charge,500.44,card,success,d3520a91-4873-4252-b7a2-a1800a7be6e7,2025-12-19
669,643,charge,1006.7,cod,success,7d05955b-0d9e-4328-9f99-7c8097d38ab9,2026-01-12
670,644,charge,2420.39,apple_pay,success,5a2d6aee-6e29-4319-814d-98294e4a516f,2026-05-03
671,645,charge,720.6,card,success,0cc66163-002a-4e3d-9588-3c8fa9065c79,2026-09-12
672,646,charge,2086.38,upi,success,e0f3ee66-59a7-46e4-a341-89c5405df186,2026-06-29
673,647,charge,129.77,upi,success,8082a0ee-dbe8-4d7a-8907-03e848841707,2026-07-21
674,648,charge,2671.76,mada,success,8f8d4107-c4d5-4c13-b561-d900aa52cdf3,2026-07-09
675,649,charge,2031.0,cod,pending,b69415c7-1604-42b7-b424-b79c27b0816b,2026-02-03
676,650,charge,536.46,cod,success,bba95ec4-fef4-4c9c-a484-557f454a8e82,2026-01-29
677,651,charge,661.55,card,success,eb1313b7-95d1-4b6d-ae9a-e156325cba4e,2026-06-02
678,652,charge,205.65,cod,success,083a1c27-3807-4019-8a72-007114a9ee59,2026-09-23
679,653,charge,1113.49,cod,success,3facabcc-5ac9-4db2-aed4-d00579222d87,2026-07-24
680,654,charge,497.0,upi,success,62e0adf7-a315-4bbb-adb2-31a2cfcc2abd,2026-09-26
681,655,charge,191.1,cod,success,e7773701-f787-4461-a62c-4f006c2d1b96,2026-08-17
682,656,charge,1060.34,card,success,eb91d7bc-42e1-4eb9-a49d-da44191f9e05,2025-07-14
683,657,charge,2677.25,card,success,2c5d849c-4f8c-41b9-98d7-88d94d515b58,2025-09-19
684,658,charge,967.07,apple_pay,success,e03d1b30-adcd-495f-af91-a7be905c3fd9,2026-08-12
685,659,charge,1417.02,card,success,23a10fdd-9402-47be-8deb-dd3c528e0ae8,2025-06-10
686,660,charge,257.04,apple_pay,success,4001570a-3312-4e73-8485-63a3aeee2302,2026-04-07
687,661,charge,105.75,apple_pay,success,3313f36c-8de5-4a88-aa93-716a22bca104,2026-08-22
688,662,charge,308.06,card,success,4c1e172a-15e9-4ee4-8e14-39774d126ab1,2025-08-06
689,663,charge,745.06,cod,pending,760e36aa-a0d9-40ba-ad57-a5c89110f698,2026-01-21
690,664,charge,269.97,upi,success,c84bbdf5-603f-4ddc-aef1-7a908bbb8f3f,2026-08-26
691,665,charge,330.53,upi,success,18963a6e-6fd8-4533-9577-58f5e03c63df,2026-06-11
692,666,charge,1108.81,apple_pay,success,b1b2b9c6-7120-421e-86cd-6214237befd1,2026-09-23
693,667,charge,705.56,cod,success,af66dc57-ef54-4897-80fa-07e35031d661,2026-01-05
694,668,charge,1308.77,card,success,5aac72b1-77e7-4d81-9b88-fc72b66cdb02,2026-09-12
695,669,charge,2598.78,card,success,f62162ab-6ba6-4252-b76f-fd036d7bba17,2026-07-03
696,670,charge,840.68,cod,success,e99d6b91-0715-42d9-b616-b5036906b588,2026-02-07
697,671,charge,1105.1,card,success,c44b04e8-f51e-4df3-86c3-998e8f14aac7,2025-10-02
698,672,charge,399.96,cod,success,23fd6ade-c17f-4f19-96a3-48336bc152ad,2026-05-06
699,673,charge,189.56,cod,success,c960b851-4d69-4e19-a827-3dee9d7e4eb7,2026-01-23
700,674,charge,1558.59,cod,success,5f843666-831f-4c00-9490-029d3e1e0693,2025-06-29
701,675,charge,916.57,card,success,e660a8e0-8b13-4689-9ef2-a148209515d5,2026-06-08
702,675,refund,916.57,card,success,0db4897a-4b18-4a0d-a0b7-d81890c97f32,2026-06-09
703,676,charge,724.22,mada,success,203d54c9-6485-425e-9858-f464c15da547,2026-09-26
704,677,charge,858.02,upi,success,767a92b7-0186-4029-ab8a-501567273710,2025-11-15
705,678,charge,2294.96,card,success,849c30c6-dffa-48ae-8353-ac87ceb7138a,2026-04-29
706,679,charge,1369.36,cod,success,15ac37f0-0de9-4283-96d5-aed275d106f2,2026-05-18
707,680,charge,79.63,card,success,fc75de3d-d473-43b5-852a-2da70e00583d,2026-02-18
708,681,charge,403.2,cod,pending,9826a55f-555f-4bf4-9b67-8ec1a65e883b,2026-08-22
709,682,charge,3043.32,cod,pending,90c0e607-4a63-4fc3-926a-ab2718ef2501,2024-12-05
710,683,charge,571.86,cod,success,dd43b0cf-54d0-4314-b0ca-b2497b417aed,2026-09-17
711,684,charge,1072.6,card,success,95a97dd7-bd8f-426f-9f16-de170f94d562,2026-08-16
712,685,charge,595.0,card,success,b78a2037-bd46-4bd5-82c5-2802aca65492,2026-02-15
713,685,refund,595.0,card,success,8429e12c-347f-4a8c-b39a-442b0d92bc7e,2026-02-16
714,686,charge,899.09,card,success,f79f8fa9-bd8c-4f4f-8fe2-75b124e72383,2026-06-26
715,687,charge,433.04,apple_pay,success,e522266c-393a-46ee-a2eb-4a7f7ecc492d,2026-01-06
716,688,charge,218.75,card,success,279f5df0-da2d-4df9-a3c1-4a53acf96a12,2026-05-23
717,689,charge,1536.89,upi,success,b819b15d-4f96-4a84-a0d4-4d244d074581,2026-03-15
718,690,charge,1941.99,apple_pay,success,ce3ce7ce-01a6-4260-afc0-8273fd397fe7,2026-07-11
719,691,charge,263.37,card,success,33611134-b012-40ab-9fa8-70407c260521,2025-08-19
720,692,charge,534.43,mada,success,272c7482-0002-472a-9130-38f51d5d8f65,2026-09-07
721,693,charge,247.5,mada,success,8513176c-1efc-4c94-a141-10b69a920655,2026-03-11
722,694,charge,477.54,mada,success,1a85fd69-344c-46cc-bf48-e5f018cc0e29,2026-09-09
723,695,charge,470.85,upi,success,817c6779-d52d-4f91-864f-e16479472ea4,2026-08-09
724,696,charge,1088.26,card,success,ed113faf-0e3f-4912-a405-d362719deadd,2026-06-25
725,697,charge,1457.07,card,success,7bd50aeb-6791-41dd-8cc7-cda21f2f087d,2026-07-19
726,698,charge,557.4,card,success,3c243b45-d1fd-4711-af1d-80eafb91fb90,2026-03-22
727,699,charge,210.98,upi,success,42a1279b-8bf5-4aed-9904-b887d77b03b3,2026-06-08
728,700,charge,973.96,apple_pay,success,706ad042-ae6b-4455-9cdd-d7c2d25a0b3f,2025-11-13
729,701,charge,1205.77,cod,success,1f89cec2-9dfe-49d2-a87d-2106dbfbfea4,2026-08-01
730,702,charge,590.42,card,success,058b5ee1-a2dd-415a-a570-66e86eaebb60,2026-02-05
731,703,charge,560.42,mada,success,be9e01a9-d18c-4fde-a445-8bad2f4f914c,2026-03-19
732,704,charge,1145.53,apple_pay,success,82f2a59e-2bb7-4146-bd9d-542aa84fa67f,2026-09-02
733,705,charge,1461.22,cod,pending,334a34a8-8bf3-49a3-b31a-dd22bdddbd36,2025-09-16
734,706,charge,796.44,card,success,4a1954ec-4a3f-4fda-baff-d9bd79e58450,2026-06-30
735,707,charge,712.44,cod,pending,96b93974-f587-43c5-999a-e3daaae39bc0,2026-03-05
736,708,charge,616.89,cod,success,467248f6-aaee-4d68-9e09-f48e7e32e5d0,2025-09-11
737,709,charge,366.35,card,success,ccc34f70-b299-4e18-a2c5-26ab6424fa05,2025-12-26
738,711,charge,1203.73,card,success,d0411dec-6ab9-4a0f-b6c6-533e1b7a5c94,2026-02-07
739,712,charge,425.7,card,success,488e5bd8-0729-45c7-a5ee-3dfd6cc1da4d,2026-09-19
740,713,charge,263.37,card,success,63b1a52e-9070-41b6-9ec0-9c3575035829,2026-07-25
741,714,charge,327.6,cod,success,08b9b2e9-4d81-4859-949e-24ad02d22ee7,2026-05-13
742,715,charge,1353.41,card,success,a83db2df-e4aa-412a-a682-13c7a525dcd0,2026-08-10
743,716,charge,1204.13,card,success,e879c9a6-0ae9-4acc-b1c9-66b39eb03954,2026-07-15
744,717,charge,1425.0,cod,success,23a9654d-f679-4544-9acf-614ae834fb5b,2026-05-04
745,718,charge,1265.1,card,success,75566ff1-b91a-4e28-a1e6-8d3577c8c297,2025-12-04
746,719,charge,495.23,card,success,28874d02-fb54-45ba-8255-b13b46e32efc,2026-07-03
747,720,charge,978.02,upi,success,dc6bf2c8-db18-4d46-8029-d6335b9559d0,2026-07-30
748,721,charge,559.9,card,success,e70d8d07-594d-40a9-b5f5-afea80d2157b,2026-07-23
749,722,charge,811.59,card,success,8356ed61-63ff-44b5-866a-0c09b4cb22f4,2025-01-31
750,723,charge,748.62,cod,success,26c25405-a7ea-42f0-acab-d3d710116af4,2026-06-15
751,724,charge,3424.5,card,success,902a73ae-b81e-4682-a7eb-40085a13f4bb,2025-03-30
752,725,charge,799.67,apple_pay,success,dbd165a3-b716-407d-b5a0-987556dbc7ac,2026-05-21
753,726,charge,1111.07,mada,success,c8f3332a-4741-4ca4-a3d9-9d90c964f746,2026-02-09
754,727,charge,1158.89,upi,success,ec68fc07-4d8c-4019-a88f-c85ac33a402e,2025-08-08
755,728,charge,1560.75,upi,success,d6de0902-ea89-4692-9176-37b264d88360,2026-05-19
756,729,charge,821.58,apple_pay,success,f66a015b-6063-4b32-bbd6-b0b5a5278097,2025-11-30
757,730,charge,2703.38,cod,success,2e2d0681-a8b2-4070-9b18-72ac78c4c27f,2026-02-12
758,731,charge,1024.75,card,success,81c974a0-ed6a-439f-b560-4484937749f6,2026-08-06
759,732,charge,1494.8,card,success,425ca2e3-8682-462f-a8ae-013ac6807bb4,2026-07-04
760,732,refund,1494.8,card,success,96bf02dd-52f6-4f5a-b2a0-f8512121cc4f,2026-07-05
761,733,charge,981.58,card,success,95a15905-591c-44b6-94aa-600af487a21f,2026-08-21
762,734,charge,3118.48,cod,success,114c440d-675d-493b-9473-6d379e12d7cf,2026-06-30
763,735,charge,248.86,card,success,bb9ddc31-da1e-4729-878e-be4e0b8079d7,2025-12-19
764,737,charge,2341.1,apple_pay,success,aa4e8b03-18b6-4fc7-bb50-f94f28bfffdd,2026-03-29
765,738,charge,454.02,apple_pay,success,ade81084-ef29-4413-bfda-e6661b314321,2026-08-16
766,739,charge,387.78,upi,success,3b45d977-c289-4a30-92db-575a79f633e8,2026-09-23
767,740,charge,742.99,cod,success,ead217d1-cefd-4dee-8590-f851fb385671,2025-11-07
768,741,charge,823.27,card,success,1afd943c-3c92-41ab-8bac-c3c6bb8ec1cb,2026-06-27
769,742,charge,292.23,mada,success,ba68e69f-2c8b-4151-a179-2fcde658eb6a,2026-03-11
770,743,charge,706.53,cod,success,f92b7b46-c17d-449c-a253-4b28e47919dd,2025-10-14
771,744,charge,589.24,apple_pay,success,0fda6ca4-107a-4bcc-ac20-d2016b88ccd0,2026-02-10
772,745,charge,118.1,card,success,09943e76-1d4e-4772-801f-b5a69ca5b74f,2026-08-21
773,746,charge,1012.21,mada,success,7108022a-12a8-4ff7-bffb-bc83d8c80184,2025-04-05
774,747,charge,762.61,upi,success,a19c7caf-9b45-4430-9fd3-92e2c36b0890,2025-10-08
775,748,charge,580.02,upi,success,2c8fabbc-ec6d-4411-878a-a79ed736c320,2026-07-14
776,749,charge,314.73,cod,success,73131038-b2df-4075-9b8f-abe952377d88,2026-08-21
777,750,charge,391.82,card,success,a32c5e99-fd26-441b-a21a-7c4e60ac4a64,2026-05-21
778,751,charge,506.92,card,success,321a9240-3321-4bb0-8e74-b39c92e33940,2026-05-29
779,752,charge,811.16,upi,success,adc90caa-7000-493b-bdb8-ed7140a3823b,2025-07-15
780,753,charge,1243.74,upi,success,bdfdcc7b-3381-4e0d-b9ba-243a493d269e,2026-03-07
781,754,charge,1325.81,upi,success,874db4a6-d057-4b85-af1e-c0de297eb3f4,2026-04-21
782,755,charge,587.57,card,success,16054b9e-313a-4c74-8a3d-b769cf052461,2026-02-20
783,756,charge,66.0,mada,success,f5b79271-a10d-4956-8634-caf6950506dd,2025-05-22
784,757,charge,722.74,cod,success,08825d14-341b-4c09-98a0-f6c0ab2d2fef,2025-05-26
785,758,charge,328.5,card,success,01572a56-e4ae-485f-a3fb-e8f2cf5cbd7f,2025-07-28
786,759,charge,404.22,cod,success,917bc866-6874-4b44-863e-23bf5c0c309c,2026-08-12
787,760,charge,769.18,apple_pay,success,5738db52-126c-4e50-9d4f-4af28becb8cc,2025-12-15
788,761,charge,513.62,card,success,f52eaf63-badf-47a8-aeaf-39512f701b32,2026-06-27
789,762,charge,2031.49,cod,success,87352231-a469-4757-ba70-c9f6e9368ad0,2025-11-23
790,763,charge,1123.59,upi,success,351d1137-d518-4b72-b0ac-cfda7f055b10,2025-04-04
791,764,charge,4144.24,cod,success,8037b969-7946-4eae-93dc-00ee9203c5d2,2025-12-31
792,765,charge,478.92,card,success,e65664ac-9e54-4175-9b42-9d0e5a239f52,2025-11-18
793,766,charge,157.51,card,success,cd35637c-234b-4e09-9a79-d6868f06c963,2026-04-12
794,767,charge,1474.81,cod,success,a01ed90e-6d71-48e9-b05a-501c11310c8b,2025-12-30
795,768,charge,1262.86,cod,success,91b3f921-1224-415f-9fbc-f340604948be,2025-11-18
796,769,charge,34.18,cod,success,846a4a71-c84a-49b8-a08f-ae0214013b99,2026-07-23
797,770,charge,1791.26,cod,success,7fab9b07-1e30-4f10-99d5-6f424c589a8e,2026-09-17
798,771,charge,3224.9,card,success,8a60b332-99fb-48a9-8d2d-ba723b06dd82,2025-08-02
799,772,charge,2284.27,mada,success,d24289ea-3959-4465-85c5-581054b728fa,2025-03-25
800,773,charge,3854.72,card,success,d4018a45-ec1a-4adc-8a36-a7c0f0cc4f56,2026-07-28
801,774,charge,412.18,card,success,5b9facde-b409-4855-a3f2-fc26405a8f9e,2026-02-19
802,775,charge,675.88,card,success,2869b5ee-df18-4065-9f58-64d511655b1e,2026-06-14
803,776,charge,2617.12,card,success,88cfffa2-1324-47ee-89be-e3ddf7d65f6a,2026-07-19
804,777,charge,296.85,cod,success,848be725-da6b-4060-bdcc-4915934a85d9,2026-01-23
805,778,charge,3847.55,cod,success,4feeea91-8003-44a8-9c7a-b4e3ee8b09a3,2025-09-29
806,779,charge,257.04,mada,success,8bc2d46d-0e80-4f03-9e5f-83786633427e,2026-08-31
807,780,charge,142.07,card,success,95309450-1c62-44f4-a44d-8dc2b2908892,2026-08-10
808,781,charge,846.51,cod,success,fc24a159-eada-4885-afda-70bf78920f72,2026-07-12
809,782,charge,106.35,mada,success,0843280a-07ac-43fe-a73a-366e43577225,2026-03-21
810,783,charge,1461.43,apple_pay,success,3354b4be-42c9-4aaf-abe1-3e78568a220d,2025-10-19
811,783,refund,1461.43,apple_pay,success,0f344fe1-c3c5-4bb5-a355-ce1655a47eab,2025-10-20
812,784,charge,101.44,cod,success,d11756d5-8c0d-4a8b-b448-a24723a86b61,2026-04-20
813,785,charge,771.65,upi,success,c1e158aa-ec96-4f27-9461-4433bbdf144c,2026-07-23
814,786,charge,104.06,mada,success,0ff4c2d6-e0d6-4081-a98d-c5f7a9d06567,2025-12-27
815,787,charge,455.84,apple_pay,success,ce3fde9a-12aa-4ab4-be59-a0d13c5168b0,2026-09-16
816,788,charge,753.69,cod,success,9c291269-e781-44cc-9058-e121f2aff86f,2026-07-24
817,789,charge,720.39,cod,pending,ceb7803e-c3fc-4c0e-95c2-c94db3fdc2b8,2025-11-25
818,790,charge,500.12,card,success,121d87ac-fb26-4d27-9889-55c0090d7d2f,2026-07-27
819,791,charge,2611.35,cod,success,bd4211d1-9920-43eb-aa8e-b758f32d2812,2026-05-04
820,792,charge,2132.94,card,success,e3346bd8-14a1-464b-adea-c5b89cc862cd,2026-03-10
821,792,refund,2132.94,card,success,21249735-f254-4c17-ba90-c4868d2a3484,2026-03-11
822,793,charge,511.23,mada,success,1aa3c18e-0aaf-4962-b92c-23e3454009f2,2026-08-05
823,794,charge,2647.07,card,success,39a9a8a9-81f2-4a73-bf20-f661091d1643,2026-07-13
824,795,charge,2351.7,mada,success,7a438217-6e77-4dd3-99aa-7cd5a67c7bd7,2026-07-12
825,796,charge,1342.25,cod,success,e05f039c-d98e-4024-8813-20254dacd33c,2025-07-27
826,797,charge,634.23,apple_pay,success,ee662c46-057d-4e28-ba4e-2920f8b1f902,2026-09-08
827,798,charge,959.16,upi,success,c82585fa-c60b-446e-86bf-1fb70e2bd8c9,2026-06-29
828,799,charge,521.66,card,success,9baefd9e-88c0-4786-b238-7a5acfb57f2e,2026-09-30
829,800,charge,755.88,apple_pay,success,af001605-ae93-4319-a11f-98efdc3c423a,2026-08-14
830,801,charge,478.77,mada,success,7b6fb65b-8d70-400f-84a1-dd66bce88f22,2026-04-01
831,802,charge,1041.15,cod,pending,60920068-c403-4430-a31a-9c3c0d591303,2025-12-18
832,803,charge,346.48,upi,success,b38adf82-6e02-4a88-a00f-8ed9b2086418,2026-09-05
833,804,charge,147.7,cod,success,1d96dc53-2344-4c54-8cae-f9ec6d44f723,2026-07-31
834,805,charge,2035.84,card,success,9d9b72b9-e5ab-486c-9e34-c29a701dadb0,2025-03-13
835,806,charge,2230.49,cod,success,5a0ed9b7-5e22-47d4-a74f-232bfb876271,2025-11-26
836,808,charge,850.94,upi,success,eb068b1e-6fc0-474f-97d7-14f13192c29c,2026-05-06
837,809,charge,490.55,cod,success,178cb5a0-3b66-4afa-bcf8-b9130ed40264,2026-09-17
838,810,charge,576.44,card,success,69bea8c9-3a24-4c19-8292-9d3d96afa28a,2025-09-21
839,811,charge,1369.55,upi,success,cec7b903-e369-41c0-80a8-5dbdbf5a910f,2026-08-26
840,812,charge,637.24,cod,success,0bb8382f-916b-4250-8945-8e1bcb0de65c,2026-08-31
841,813,charge,2793.14,cod,success,df8db157-03d0-4453-8d40-9bc9fdae2920,2026-09-06
842,814,charge,444.54,card,success,0e8fed60-d007-4d07-bffa-ea11b8469295,2026-07-24
843,815,charge,1459.12,upi,success,704532d5-2070-43f0-8e80-ea41139cd2b0,2026-08-21
844,816,charge,1013.84,cod,success,506a8dd3-0b31-424f-8858-35db2e3b5fd6,2025-12-31
845,817,charge,505.65,mada,success,e3f2df80-a7bb-4612-9a37-ef9d5983ce94,2026-04-29
846,818,charge,1385.64,upi,success,21351574-4adb-4f79-bf82-bf843e86cc14,2026-07-28
847,819,charge,470.85,cod,success,a8575900-7a8c-4c36-a5d7-71639b2aeea6,2025-11-03
848,820,charge,461.31,card,success,138d8006-13a9-4a92-a816-4d181f540e96,2025-12-02
849,821,charge,396.11,card,success,34b34dcb-8b2c-45b5-b039-0686400d083a,2026-04-14
850,822,charge,1501.55,apple_pay,success,d03c9c2c-bc37-49b1-b48b-9a8c7eb3aefc,2026-06-27
851,823,charge,694.47,card,success,dbd7b4b4-ea44-4cc9-a5cb-bf135b619ebe,2026-05-27
852,824,charge,1222.43,cod,success,4d7efc8e-b68f-40dc-b18b-f53a3864bf75,2026-08-10
853,825,charge,750.92,mada,success,8d28eef5-c7bb-4cf8-9def-5cc2f1015bfe,2026-07-18
854,826,charge,807.37,card,success,3e84455f-a755-4468-9e74-e1224aed4cc8,2025-03-07
855,827,charge,1662.47,mada,success,51a0bd7c-447d-40b8-a49a-3cd986df42bd,2026-03-03
856,828,charge,661.05,mada,success,1ab88733-80e1-4c41-8a9a-727fb2a12a55,2025-06-11
857,829,charge,1576.76,mada,success,692c6843-e682-4710-98bd-19da0dd2c843,2026-02-06
858,830,charge,691.68,apple_pay,success,7c781b98-9f32-4d3e-b358-206db49bc1ef,2026-05-27
859,831,charge,735.86,apple_pay,success,e97c0ea5-341c-4d10-9415-0ad9479fea14,2026-09-11
860,832,charge,2067.59,mada,success,855fecc6-f9d7-4979-9767-a6da231b0c86,2025-10-04
861,832,refund,2067.59,mada,success,8d8f2868-bded-49cc-8e10-7ed63b046707,2025-10-05
862,833,charge,1144.92,card,success,b993c041-5f54-4332-9f6c-6a8635f4ffba,2026-09-15
863,834,charge,205.65,cod,success,092e9fab-2457-4251-89b6-7093d0fe42af,2025-11-14
864,835,charge,3043.59,apple_pay,success,70b6052f-b2c6-4986-bc2f-db76fa584a4b,2026-06-08
865,835,refund,3043.59,apple_pay,success,f3fac150-7429-4f81-83a2-15ffa660604f,2026-06-09
866,836,charge,210.76,card,success,d61968aa-7fb8-46b2-8573-3d101d3ebe5b,2026-08-03
867,837,charge,2494.79,upi,success,9696e833-4728-4df6-8532-499e08a43ec0,2026-08-25
868,837,refund,2494.79,upi,success,f710900b-d3c1-4e3f-8ce7-db3f625966cc,2026-08-26
869,838,charge,3011.82,cod,success,dac5609e-4772-4adf-8f49-d01a15a15a52,2026-05-14
870,839,charge,1632.39,cod,success,04d340e8-7ecf-4fc6-a249-a5869c186d49,2026-09-22
871,840,charge,1002.52,card,success,71ab4711-6279-4a6e-a1f1-4c98dcdeadc8,2025-10-05
872,841,charge,417.86,apple_pay,success,611b92ab-34aa-4abd-b975-74330b5ed148,2025-12-23
873,843,charge,663.62,mada,success,88516447-6e5b-4598-a8f0-e3e02f369832,2026-04-23
874,844,charge,352.67,card,success,0803ad31-4e1e-4f3d-a910-22b80d60e364,2026-04-23
875,845,charge,1608.27,cod,pending,efede7bb-5909-47d6-8353-b9e48aa2f756,2026-05-19
876,846,charge,316.2,cod,success,c125798e-9bd6-4690-a8f9-4c8806a76b07,2026-04-02
877,847,charge,1436.07,card,success,d4022243-ec35-4b0c-9612-66fbe4a6bf51,2026-03-17
878,848,charge,1658.75,card,success,c0d978e7-cf6c-4143-8335-5860e84e9da0,2026-08-18
879,849,charge,973.22,mada,success,07001750-c1db-480a-b76f-6fff97491088,2026-06-23
880,849,refund,973.22,mada,success,9f1c9fd4-d449-4964-b9cd-213b5748218a,2026-06-24
881,850,charge,586.31,apple_pay,success,c8594dfb-6d73-4d1d-9da1-497a6f1f9af1,2026-06-29
882,851,charge,630.21,cod,success,c09d557f-bc44-4fbc-adb6-8854baae905c,2026-09-12
883,852,charge,845.15,cod,success,8da4afbe-1bf5-4332-8eb1-8cd30e9f52f7,2026-05-03
884,853,charge,1012.65,cod,success,eeb687c3-b8a6-4bf6-b3d5-4f3e635b36bd,2026-07-10
885,855,charge,782.25,card,success,fdab0afa-dbc7-445d-8994-41c5ad8f6932,2026-09-14
886,856,charge,124.43,cod,success,6c8073b7-76a8-4a27-88e6-1f32f01f333c,2026-07-05
887,857,charge,1894.29,cod,pending,c4ddfe54-917c-4f11-b81e-d083929614b5,2025-05-31
888,858,charge,142.07,apple_pay,success,f5d68c8f-299c-4d73-8295-f5c984d77929,2025-10-29
889,859,charge,1323.96,card,success,fe1be3e9-bee1-4c65-b7a3-19c6619c4a06,2026-08-18
890,860,charge,2225.81,cod,success,e85fda55-21c2-48f3-bcfc-7050ecb697a2,2026-08-15
891,861,charge,375.9,cod,success,aebeca58-ccb1-4c1e-87db-f6a203e30f78,2026-06-04
892,862,charge,387.6,apple_pay,success,ffb1c192-15e5-4e78-863e-9bb3f37296a2,2026-04-15
893,863,charge,621.84,card,success,4bbb2e9a-8af5-4d42-8576-7c743ffb9577,2026-09-20
894,864,charge,801.82,mada,success,09e218a7-6504-45b5-9232-78bf56688530,2026-06-29
895,865,charge,1128.26,card,success,44cca057-5c98-48f4-8636-8d129d94813f,2025-09-18
896,866,charge,266.8,card,success,a72d0bf4-c84d-46c0-8021-a347a8c34b25,2026-02-01
897,867,charge,414.19,apple_pay,success,0328a80d-9ba5-458b-8585-36b7cf6d2a9d,2026-04-27
898,867,refund,414.19,apple_pay,success,a928a5b2-9185-4abd-8e90-ae4a1fd28b9e,2026-04-28
899,868,charge,982.32,card,success,d8fbd542-43b7-4bf2-9604-153c522c5c44,2026-08-05
900,869,charge,387.78,cod,success,046b96f9-7675-4903-b19d-722f2dc4d065,2025-10-06
901,870,charge,1330.17,mada,success,09791408-7768-4441-8245-59a5709de505,2025-12-18
902,871,charge,348.23,cod,pending,a34321bf-7aee-47df-9bd5-5037f7444596,2026-09-28
903,872,charge,870.47,cod,success,689ab92d-37c4-46a1-8e7d-e390d825b478,2026-07-27
904,873,charge,640.22,apple_pay,success,145d2f7e-f057-412b-945e-b87f0eff6a6b,2026-03-04
905,874,charge,1042.17,cod,success,8d2bb00b-9c3e-4d79-a5a4-b1b446c524a5,2025-08-03
906,875,charge,173.52,upi,success,70c0a4f6-1065-4764-b40b-077950640ae6,2026-05-14
907,876,charge,560.7,mada,success,c96782fb-c417-4ebd-820c-be742e07a11f,2026-08-10
908,877,charge,1010.61,upi,success,7eb3a98f-de7a-49b4-8271-441846b1654a,2025-08-05
909,878,charge,2387.7,apple_pay,success,2cabb9ad-a15d-47c4-ba38-204b2091a706,2026-07-13
910,879,charge,420.03,cod,success,a7ee2f23-9e31-4cfd-9f09-87e9259b5aea,2026-06-22
911,880,charge,2945.85,cod,success,a793eb81-1d4c-4eb7-bb90-6c080cb140ed,2026-01-20
912,881,charge,824.19,cod,success,81b85934-af37-4cf9-af2b-5e3109db40a9,2026-07-23
913,882,charge,1304.11,cod,success,513cd464-9473-47cd-b0b8-1530dc4e557f,2026-07-02
914,883,charge,1189.2,card,success,3a5b171c-b7a4-4108-8dac-20f90abd99fd,2026-06-28
915,884,charge,1639.38,cod,pending,fdf1d205-b6ec-484e-b3a2-dc1d0f916e97,2026-09-02
916,885,charge,2037.99,card,success,0420521e-41e7-4bba-b9ac-1a4f42516974,2025-09-29
917,886,charge,1688.61,upi,success,d972c236-db84-4c06-984d-6427adaad2f9,2026-08-04
918,887,charge,195.0,apple_pay,success,0b73a040-b7e3-4615-8a5a-5d575a742a53,2026-04-28
919,888,charge,243.88,upi,success,1bf2235c-5987-41e6-bc15-17fc99bf88ed,2026-03-09
920,889,charge,163.39,cod,success,1cf98855-719d-454f-81c6-af4013d5ac4f,2025-03-18
921,890,charge,2202.77,card,success,343c1752-3caa-431e-93d3-c72682d33948,2026-09-12
922,891,charge,596.76,cod,success,d44260d2-5f11-4839-9203-7fc25366e938,2026-02-14
923,892,charge,539.1,card,success,1246d2a5-6a7c-4d08-ae57-14e8d29c0131,2026-07-21
924,893,charge,310.24,apple_pay,success,4878383a-e037-4953-ad2d-7cb9a452b559,2026-02-22
925,893,refund,310.24,apple_pay,success,9b622c0a-5398-4922-8652-62a224a0db6e,2026-02-23
926,894,charge,1354.24,mada,success,f9a013be-55c1-40d9-9c3b-c3e5c9c52567,2026-03-08
927,895,charge,212.22,mada,success,5fed5cb7-a6e8-4b4f-a5bb-7f3b687bb3ce,2026-03-03
928,896,charge,1546.92,cod,pending,4b47b715-f937-4fff-b146-56f1787ed06b,2026-05-24
929,897,charge,784.05,cod,success,5e4908c8-290a-42d2-87f9-ee879f35e95d,2026-04-10
930,898,charge,684.03,cod,success,266a8b90-ee28-42f4-8a76-a0ea0b6b9944,2026-03-05
931,899,charge,822.28,cod,success,1b3206f0-0689-4b1c-975a-ae69e9707c9e,2026-08-15
932,900,charge,1116.12,card,success,5027b309-cedb-4488-b623-87b49be9ec86,2025-10-26
933,901,charge,958.08,mada,success,bdf68eb0-c7e7-4797-b73c-91ca82c3892b,2026-07-21
934,902,charge,866.16,card,success,b67cb2ac-94dc-4c97-8891-4d9982183bb9,2026-04-30
935,904,charge,1571.92,upi,success,60fba34c-3701-42fd-b09f-e5ab5813d72f,2026-06-23
936,905,charge,1314.93,apple_pay,success,a8350a40-0858-414d-952a-ed00d4aa826d,2025-11-30
937,906,charge,1206.83,upi,success,c33a8761-618f-478a-a66b-4b6db9ec28ff,2025-11-20
938,907,charge,464.4,card,success,f486a251-1414-4827-a632-c350ff712ff4,2026-09-16
939,908,charge,996.15,cod,pending,fe08a540-ef7e-4940-b568-757413caaeb6,2025-09-13
940,909,charge,1671.51,card,success,ff70abaa-80e5-4b3d-90be-35ee397e241d,2026-04-04
941,911,charge,1332.36,cod,success,bbe43aa7-8c58-4ff0-a15c-f032930e7347,2026-08-11
942,912,charge,826.65,cod,success,1f09bd6b-bba8-4166-89f9-c43e6b074c79,2026-05-20
943,913,charge,432.17,cod,success,cc5732f2-871b-4b1f-a0e4-0a11d8fbfda5,2026-08-04
944,914,charge,857.7,cod,success,a8c12f22-78ea-404d-9b6b-09920d2a9d7a,2026-06-13
945,915,charge,1001.93,cod,success,5122f001-70e6-4474-8534-bd7686423a80,2026-04-06
946,916,charge,1136.38,mada,success,93432c76-d604-4e9f-b1ed-10f544e928ac,2026-09-04
947,917,charge,277.65,cod,success,5424aae4-3e78-4f27-a93b-da3b4b0653e2,2026-08-29
948,918,charge,121.77,cod,success,fa3bc921-c484-4743-8c8b-a7603e3a0dfc,2026-09-22
949,919,charge,75.08,cod,success,5097ce46-74b0-4243-bb1b-a7235ca9bc53,2026-07-07
950,920,charge,380.61,cod,success,b16d3da7-1d8b-469b-b8ef-0017bf89444e,2026-08-22
951,921,charge,125.24,mada,success,f525d556-bb98-4bdf-b1ec-02ad3db538c9,2026-02-24
952,922,charge,198.15,card,success,14669189-5ca4-4e71-a8f0-e5f2e1568ad3,2026-09-29
953,923,charge,927.71,apple_pay,success,1391d18a-8171-4955-8f7a-1e435a1ba9db,2025-09-25
954,925,charge,270.03,cod,success,7bf18cf4-a740-4142-9cbf-7ee6ea258d83,2026-04-27
955,926,charge,1236.89,mada,success,c94b3a6f-72ef-417e-baf8-34f29aef9aec,2025-07-12
956,927,charge,3219.44,cod,pending,d3ec1562-91c0-49ee-bad1-c48f6b39c4dc,2026-06-22
957,928,charge,904.47,card,success,ecfbc936-2012-4ebb-bc9b-519ad3a81c4f,2026-09-06
958,929,charge,1322.67,cod,success,e8c5a3b0-c6c5-4054-beb4-a52789a1321d,2026-07-14
959,930,charge,767.36,apple_pay,success,aa7898aa-95b2-468b-ac92-275a68599dc4,2026-05-26
960,931,charge,1170.96,cod,success,cbbd3732-42a1-4429-9b05-0a6c235d2722,2026-01-23
961,932,charge,319.27,card,success,1e32e3e1-5058-4a4a-9771-3fff49714ec3,2025-12-12
962,933,charge,1375.51,upi,success,81496136-6bc8-42f4-a893-a38a14dd9314,2025-06-20
963,934,charge,844.11,mada,success,7e83e815-9375-4195-a5fd-72f4fbb61ff7,2026-01-18
964,934,refund,844.11,mada,success,32b6f533-c5cc-4fb0-a1a6-2208a1f40627,2026-01-19
965,935,charge,643.12,cod,success,743de03a-e05c-4fb9-ae0e-f4aae65e0ac3,2025-11-20
966,936,charge,587.73,cod,pending,6b2b0c27-1eec-4480-aab1-803803f89c7b,2026-01-21
967,937,charge,610.97,card,success,b61d1f43-8df8-4ff9-83f8-6f2d436c9e18,2026-02-17
968,937,refund,610.97,card,success,19dad534-be2b-4dee-b848-c332ee1caec8,2026-02-18
969,938,charge,353.9,apple_pay,success,d577c131-08b9-4ed4-9e94-da10205b9db8,2026-05-15
970,939,charge,1078.93,card,success,2abc4b2f-b0a6-4457-8620-5f4a6e718848,2026-09-26
971,940,charge,2050.35,apple_pay,success,83d04bac-21e3-4238-92b1-178bfd6c47e3,2025-11-30
972,941,charge,2241.22,card,success,635b729c-eb2a-408b-8780-d6caddebd8d4,2025-04-10
973,942,charge,502.74,apple_pay,success,20a0c244-5ab7-48b2-ac1f-b2fce77d9bec,2026-02-12
974,943,charge,1143.9,upi,success,3dcead91-8e93-4bd2-b269-eb4366fe47b3,2025-10-05
975,944,charge,1544.19,cod,success,5639117a-1e78-4a02-8b1b-bb3ab6448d24,2026-04-17
976,945,charge,72.34,apple_pay,success,562e121f-e5fa-455d-9320-8f77e5bdbb3e,2026-03-26
977,946,charge,283.02,cod,success,1b96ee81-9ddb-4fea-9bd7-871c976b1a33,2025-06-05
978,947,charge,2585.89,cod,pending,12e1725b-0b94-42ab-b8e0-c2e1fe7f9299,2026-07-17
979,948,charge,1147.55,card,success,f32de530-5ade-40d4-abb4-8c9ebd1e9dd8,2026-07-28
980,949,charge,576.79,card,success,a17e34b0-68ac-439c-a921-f23172eace11,2026-04-30
981,950,charge,1378.49,cod,success,6f8963b3-d5b5-424c-bd9e-599373230f23,2026-08-20
982,951,charge,1222.96,card,success,b33aa6b9-7a23-4f3c-81f6-028b4a0efbe5,2026-05-28
983,952,charge,1653.16,card,success,b944e469-2ef6-4152-bbc2-ede622758233,2025-06-15
984,953,charge,575.17,apple_pay,success,d1f2789b-ea95-4113-96ed-4815c415ac73,2026-03-21
985,954,charge,248.24,mada,success,26fa466b-1573-4a73-8266-557cefc66c4c,2026-06-18
986,955,charge,965.38,cod,success,97d20300-97f3-4baf-81fe-1d86e545fcc6,2025-11-25
987,956,charge,404.22,upi,success,741a5b09-a63f-43ea-ac85-2cc75eb00e6f,2026-01-08
988,957,charge,143.27,upi,success,2d3dab8a-7047-4d9d-9208-26b8611eb15c,2025-07-30
989,958,charge,1874.43,upi,success,47802d60-968c-47f1-b8f7-ef4882380358,2026-07-10
990,959,charge,87.24,upi,success,3b759faa-18ce-48d1-85e3-be15f1dc5270,2026-08-23
991,960,charge,141.66,card,success,0c5c9940-5753-4534-be48-7b1c4c1f088f,2026-09-19
992,961,charge,171.72,cod,success,8673173a-e5b5-4f30-8486-8583906ae95d,2026-02-20
993,962,charge,849.92,upi,success,ed944378-d814-4be0-821b-390c946f9f07,2026-04-30
994,963,charge,715.93,upi,success,62524390-52a3-469d-8906-9da96d3b867c,2026-06-07
995,965,charge,570.45,cod,pending,f41978cd-2dac-488b-81de-6d58518e58fd,2025-09-07
996,966,charge,2086.77,mada,success,f1eef895-d061-46b3-8abc-36fc24a887a1,2025-05-28
997,966,refund,2086.77,mada,success,bb21d347-fd3c-402a-a1e3-eda6bc106ec9,2025-05-29
998,967,charge,720.6,card,success,473bccd4-84e6-478f-ae37-b72135ef2b60,2026-04-12
999,968,charge,728.01,upi,success,507a61a9-9d8f-4ee1-a12c-6678933c3b76,2026-03-14
1000,969,charge,1001.68,cod,success,2a6445d3-48e8-4f79-98eb-a4621976a39a,2026-09-19
1001,970,charge,1201.41,apple_pay,success,7c9428af-461a-4f63-89b0-16e51e595d1f,2026-03-30
1002,971,charge,1158.56,mada,success,2b589b3f-e2a6-4e3c-b940-093a705cd91e,2026-07-21
1003,972,charge,1147.32,cod,success,4269f091-eaed-4ed7-b06f-bb0f49d9bf73,2026-09-28
1004,973,charge,484.9,card,success,1b2aa4e4-c0e3-44e7-9b2d-f807fd225cba,2025-12-01
1005,974,charge,727.96,mada,success,47543604-aa9b-44ba-bb4f-068eecad122d,2025-10-06
1006,975,charge,128.85,apple_pay,success,8d5a9549-34f3-4b8e-9891-e25c2418c7fd,2026-03-31
1007,976,charge,3646.22,upi,success,2b39e995-c13e-40d3-823a-0b12d6baf0f2,2025-04-10
1008,977,charge,1376.2,mada,success,0a2cbb1b-e70c-4274-9930-300a07006af3,2026-05-06
1009,978,charge,818.46,mada,success,89b4db80-8a32-484a-a401-461af5b92b3c,2026-02-22
1010,979,charge,2130.87,cod,success,7d058c07-01b4-4dfc-b1f4-36eacc8abd69,2026-03-13
1011,980,charge,794.88,cod,success,5e9a35cf-0699-476d-9288-b06ad51f03b1,2026-01-06
1012,981,charge,1358.69,card,success,f2a83faa-f11a-41f5-8826-80f934010b60,2026-04-19
1013,982,charge,754.82,apple_pay,success,71e007b0-bb6a-4647-ad2f-458d9237e145,2026-05-28
1014,983,charge,731.64,cod,success,742f790e-d4be-44e4-a04d-3f5585594d77,2025-06-17
1015,984,charge,611.87,mada,success,b75c3825-1c0f-487f-ab01-bba74b814a84,2026-07-06
1016,985,charge,215.73,upi,success,1eb46d3b-d841-46ac-ab4f-9efbb4d1880b,2026-03-24
1017,986,charge,1575.22,card,success,7e45fee4-6ea8-4b32-a38d-9fb071c487bc,2026-04-04
1018,987,charge,2940.48,cod,success,230681aa-dd50-4d6b-963c-b5294357ac51,2026-07-28
1019,988,charge,1220.57,apple_pay,success,ab30f1b1-bb4c-4947-8748-b576fe3a4f96,2026-09-22
1020,989,charge,522.78,card,success,cdbb6c1f-5a8d-485e-b7eb-a7e91dd07ec8,2026-07-24
1021,990,charge,1418.76,apple_pay,success,38f1f1ab-cb17-4945-be88-f8e4143dbd6c,2026-05-22
1022,991,charge,110.23,cod,pending,281f45ff-53bd-4b05-9308-9f8bba345e82,2025-10-08
1023,993,charge,2387.42,mada,success,7416386b-46af-440d-95d8-a81a81ceb20e,2026-09-20
1024,993,refund,2387.42,mada,success,ac0d8818-8349-4078-bc4b-2732a170920c,2026-09-21
1025,994,charge,2508.41,upi,success,b01cad4e-b4f1-4ca9-92f7-76d1c6ec757f,2026-01-07
1026,995,charge,310.64,upi,success,09d1c11f-ecbb-4aac-a46b-f89a5097621a,2025-08-03
1027,996,charge,754.59,mada,success,b481acde-eeaf-4b56-99b6-5b6b6ef1d60c,2026-08-20
1028,997,charge,1751.94,mada,success,30bdf7be-5149-4675-8573-b517cb508544,2025-12-13
1029,998,charge,160.56,upi,success,d66f3fff-a93f-47ec-8ee4-3f7fd7680657,2026-06-21
1030,999,charge,1011.19,mada,success,f2fda085-091f-43f3-a046-d4d3e0a8a8af,2025-06-18
1031,1000,charge,883.86,cod,success,3ef433df-020a-4c40-a095-c0d0a26e67da,2026-06-05
1032,1001,charge,924.96,mada,success,df42eabd-604f-4c8d-961a-9968230a37e5,2026-04-29
1033,1002,charge,1387.4,apple_pay,success,3217f93c-ac60-42a4-b85f-a73df17316d5,2026-06-28
1034,1003,charge,37.79,apple_pay,success,7c08a960-26c4-41fd-b859-7bc643e9c94c,2026-08-05
1035,1004,charge,284.14,card,success,7f297630-bbca-4210-afe6-1a89d059b594,2026-01-18
1036,1005,charge,187.14,card,success,a2807710-32d5-4d87-a1bd-1db7485873c1,2026-03-04
1037,1007,charge,867.9,card,success,842ca512-f369-4683-96b5-cf7ae0389eb7,2026-01-02
1038,1008,charge,353.36,cod,success,36d5187b-bfdb-410b-b929-1d34db6ea0ba,2026-01-12
1039,1009,charge,1278.04,upi,success,7d9def75-1138-48db-af2f-841100d190bd,2026-06-27
1040,1010,charge,1276.69,apple_pay,success,b5c1f027-3563-459e-9c78-bade8ec7dccb,2025-06-06
1041,1011,charge,1584.18,card,success,b01f90e7-6b0c-4da5-89ef-a19b2d98f251,2025-11-10
1042,1012,charge,990.6,cod,success,a18af1fd-615a-4341-9d06-5ae84358ce3f,2025-09-07
1043,1013,charge,2154.76,cod,pending,5944a69c-a341-441c-bc16-5571957a66e5,2026-09-28
1044,1014,charge,716.08,apple_pay,success,f44f5031-a82d-4879-87cc-4d1c7bf6b2ad,2026-09-15
1045,1015,charge,179.98,cod,success,d73794d5-4cd3-4406-a0bd-60442e18b22b,2026-02-19
1046,1016,charge,422.28,apple_pay,success,ab00764e-4ac8-4bda-a002-8f9a3b5d5c9c,2026-08-15
1047,1017,charge,2191.51,card,success,a1497b65-cbf7-4eb1-bd7f-2fed7c2ce385,2026-05-28
1048,1018,charge,292.53,cod,success,8b1d2284-5b6c-4b7a-990c-2e2a6467e0c0,2025-05-16
1049,1019,charge,1339.83,upi,success,380bd4cb-18b6-46f8-8ba0-768a7b2021f7,2025-09-21
1050,1020,charge,2187.44,upi,success,e595e3fa-e182-48d2-b681-db3f1cc41c62,2025-09-11
1051,1021,charge,1604.53,cod,success,6b6a838e-498a-4d9d-8391-59b8c145217f,2026-05-31
1052,1022,charge,1440.69,upi,success,3f555c7d-534d-488e-b279-ec9ef8281e0b,2024-12-15
1053,1022,refund,1440.69,upi,success,2d1b143e-1da6-436d-acc3-f8aaa9943d14,2024-12-16
1054,1023,charge,441.42,apple_pay,success,a91decb2-51a3-421b-b4d1-183f76f8ef17,2025-12-27
1055,1024,charge,448.06,card,success,65e92e49-b26c-4876-98fa-e8c71d10b6f6,2026-04-13
1056,1024,refund,448.06,card,success,e1d5fcea-c610-424b-a0c8-667fb46f0145,2026-04-14
1057,1025,charge,400.2,card,success,dd2fb568-ce02-4728-9712-288a7bd64d37,2026-02-11
1058,1026,charge,694.8,card,success,afedc6c3-6979-45ea-99de-fd207d3a8826,2026-05-31
1059,1026,refund,694.8,card,success,4496a883-4a7a-477b-876a-16e73c1fc9aa,2026-06-01
1060,1027,charge,272.67,apple_pay,success,d9da5f47-e3ca-40c4-b711-32b781eab1da,2026-07-31
1061,1028,charge,497.72,card,success,8ff01845-0f90-4d63-a8b4-9b00c86768b2,2026-09-21
1062,1029,charge,406.2,cod,success,accc1507-42f8-4fc5-92bc-b64dc59498c5,2025-12-26
1063,1030,charge,357.28,cod,success,cf1ca021-6431-4fc2-a946-4f3f514f6fd9,2025-06-14
1064,1031,charge,1198.54,card,success,42bd31c4-660f-4c40-acd9-dc3f7123bc96,2026-04-22
1065,1032,charge,504.78,card,success,7c4a14cf-44b0-403f-8dfc-73c1e990ff49,2026-08-24
1066,1033,charge,1392.45,cod,success,a2e25753-56ff-4b3e-b80c-fd3dba6a741c,2026-06-18
1067,1034,charge,404.22,cod,success,72984bb6-4efa-4dc3-8bae-4fc1d18ad3ca,2025-07-09
1068,1035,charge,366.38,upi,success,e028c315-928f-4bae-b8a7-c67868e968cf,2026-03-29
1069,1036,charge,269.55,card,success,c790b84c-34c9-43ae-8938-279c2aa20c1e,2026-06-12
1070,1037,charge,1175.56,card,success,f7df9baf-f2a8-4e6e-9c3d-a4eba012c6c2,2026-09-20
1071,1038,charge,546.97,mada,success,21144198-5466-4ea9-9c5a-342e9d017d3c,2026-09-01
1072,1039,charge,780.98,cod,success,f34574ae-0519-48bf-8a2e-30d69adebcc2,2025-09-04
1073,1040,charge,854.54,cod,success,61127927-cd6a-4e30-8567-f81fb8e3fb43,2026-01-21
1074,1041,charge,914.67,upi,success,55525e11-b469-4821-87ca-7ddc171acd35,2026-09-29
1075,1042,charge,1057.33,mada,success,c4196c8a-c44f-42a8-9a4a-96aee987cfb2,2026-02-01
1076,1043,charge,2026.44,upi,success,0c995e2d-a7a9-48ab-903f-3a468d8a7957,2025-10-25
1077,1044,charge,274.12,card,success,8914bc96-5cb2-4033-b5e0-edd684c62e4b,2025-05-31
1078,1045,charge,510.04,card,success,d690efa9-2830-4ffa-bc37-337a32ccf39d,2025-11-15
1079,1046,charge,503.0,apple_pay,success,b7c315a2-dc16-4bae-a541-35f889238eb6,2026-08-05
1080,1047,charge,550.73,mada,success,2951c8a7-cd21-4a34-8a49-ba1b3ab5a9f1,2026-08-13
1081,1048,charge,416.11,cod,success,69d445f3-54dd-428c-9fb6-98a5e9209b3a,2026-08-29
1082,1049,charge,612.13,apple_pay,success,3fab0c74-bbbb-4ccc-8d8e-352b37328d15,2026-01-23
1083,1050,charge,243.88,card,success,d8718196-093c-4582-837d-f82ef0a4be8a,2026-07-28
1084,1051,charge,584.98,upi,success,86cc556b-f0bb-4e32-814f-a9be05209457,2025-04-09
1085,1052,charge,380.14,apple_pay,success,ca957c2e-65df-49cb-8062-42771a3ecc71,2026-09-01
1086,1053,charge,631.43,upi,success,4878917a-282d-44a3-8ad3-33617c226735,2025-12-21
1087,1054,charge,969.42,card,success,a1ad9f14-3ae1-4f9c-8634-e0e64d2ce796,2026-09-12
1088,1055,charge,1810.55,apple_pay,success,08a5ad03-3f4f-4031-b025-5b9dc5bcc4cd,2026-09-10
1089,1056,charge,407.16,apple_pay,success,d0207ede-1fa7-4e6b-bffa-749e45bfd2c3,2026-01-19
1090,1057,charge,552.21,card,success,66979d0f-a7c0-4a59-a0bb-380bc8b7bcd0,2026-08-24
1091,1058,charge,264.34,card,success,e06a46b2-bd93-483f-917b-d6cc2195e073,2025-07-30
1092,1059,charge,113.37,mada,success,13974770-15bd-48ba-9caa-f6a5451ea1db,2026-06-17
1093,1060,charge,230.11,cod,pending,b417dee1-b8dc-4390-8127-8b8612ea7890,2026-09-28
1094,1061,charge,1311.98,card,success,0528d309-6a56-487d-bb8e-37e2c32bba73,2026-01-03
1095,1061,refund,1311.98,card,success,8aacb783-d48b-4d0d-be1e-70bc03c61e18,2026-01-04
1096,1062,charge,2322.88,apple_pay,success,187666ec-26df-4b57-ab41-eac79ad8e1cc,2026-08-14
1097,1063,charge,1215.12,mada,success,6420b22a-cae9-450b-9693-ffd8bc6232e3,2026-08-18
1098,1065,charge,893.65,cod,success,dbfb491a-9b0e-4a7e-94db-549631bc99e6,2026-07-24
1099,1066,charge,68.36,card,success,6cd6cedf-52df-4152-88e6-cd4b4febaa0e,2026-05-16
1100,1067,charge,444.57,card,success,4d59f68e-05ff-42f2-be54-eceb8329bd1a,2026-06-29
1101,1068,charge,2418.04,upi,success,198493ce-33e1-46f7-b57a-d70346281fb8,2026-07-11
1102,1069,charge,642.36,cod,success,9381ebb3-a7f2-407e-b821-947c43a7320c,2025-11-21
1103,1070,charge,1623.77,apple_pay,success,6df5fa4a-4a8e-4dd2-a067-982478adb182,2026-04-24
1104,1071,charge,715.13,card,success,68054a24-f785-4cc1-b8e5-91c417d2efe7,2026-07-08
1105,1072,charge,431.86,card,success,48cff1da-7bbc-4b5d-874f-92058f9d7375,2025-10-03
1106,1073,charge,485.95,cod,success,81b01ca4-8880-4d17-b3ef-e892e85cc863,2026-08-28
1107,1074,charge,442.26,apple_pay,success,fe3f5662-0468-4a4a-a1e5-835e3e9f069a,2026-08-21
1108,1075,charge,1154.9,card,success,f392b60b-64c5-4e2d-ba41-348a7f3dadbd,2026-06-07
1109,1076,charge,1184.55,card,success,b6eea1cf-8bec-4264-8340-55005f6bbc54,2026-02-08
1110,1077,charge,243.51,apple_pay,success,93efe8f0-395c-4d62-b3c7-fd751bb9d499,2025-05-03
1111,1078,charge,242.98,card,success,c56dbe29-65b8-438c-865f-5046f9a61744,2026-01-10
1112,1079,charge,717.1,card,success,7a0ffa86-5eac-415d-b274-2e763b6becb7,2026-09-21
1113,1080,charge,1463.83,upi,success,4f842010-a48f-41f1-9be4-0ba9902ad019,2026-08-23
1114,1081,charge,238.89,mada,success,a1420851-cf47-4d72-a4ce-3160551a7dcd,2026-07-07
1115,1082,charge,145.36,upi,success,8f962ff2-186b-4a71-9569-12ddf9cf2bd2,2026-09-16
1116,1083,charge,744.78,cod,success,f12d0664-dd65-4951-b52a-a2af2b5457b7,2025-11-07
1117,1084,charge,52.03,cod,pending,1579bc24-3ffd-48f1-97e9-afe27d6448b2,2026-06-16
1118,1085,charge,508.56,cod,success,d68bc80f-9dd2-4036-a737-cac9242e3d71,2026-02-19
1119,1086,charge,483.13,card,success,d6f34d9b-b918-46e8-85fd-e9e9793841a9,2026-09-09
1120,1087,charge,1035.56,cod,success,0f163af8-3b80-4449-82b5-79c2910f445d,2026-05-03
1121,1088,charge,461.5,cod,success,696f9074-4084-4290-be50-a000c474e1c0,2026-09-02
1122,1090,charge,2183.26,card,success,d5963842-567e-4c74-bd92-232a4fbb831a,2026-09-13
1123,1091,charge,1140.14,cod,success,b062259e-524a-4652-8958-b354268e81b4,2026-08-27
1124,1092,charge,133.65,mada,success,df15e667-6812-417c-9946-601e90b84f94,2026-09-17
1125,1093,charge,643.43,upi,success,358fb73f-b0bd-414f-84a5-24d9016d26d9,2026-09-30
1126,1094,charge,683.89,card,success,7d1d3494-cb71-4efd-8ffa-1194c14a2a61,2026-09-10
1127,1095,charge,2799.12,upi,success,f5a02c0a-5021-43fc-bff3-e8188babb414,2026-09-26
1128,1096,charge,824.17,apple_pay,success,761c7a2b-5263-48e0-bc59-69c6a6ea0997,2025-06-16
1129,1097,charge,515.26,card,success,8e07d8fc-83b1-41ec-bba5-a5dfb5786277,2026-05-30
1130,1098,charge,1877.9,card,success,bbaa6e4a-fe25-471b-bd5b-fecedbd0ad57,2026-09-14
1131,1099,charge,1106.56,cod,pending,6cfacecc-1ae4-47cf-abd5-c14914d8e0e6,2026-08-12
1132,1100,charge,1341.7,apple_pay,success,209595a4-602c-4604-93d7-54d6b30269aa,2025-07-13
1133,1100,refund,1341.7,apple_pay,success,851ab93f-297e-4f2f-837c-e599c1c353c4,2025-07-14
1134,1101,charge,315.02,upi,success,3286af00-2a8b-4289-9f19-297ebf86ad63,2026-04-09
1135,1102,charge,286.65,card,success,1d191f64-f8cf-414a-9ea7-e1ae7006a2c6,2025-10-29
1136,1103,charge,644.11,mada,success,7ec469d8-6c97-44c0-a2b0-505509fff6ab,2026-04-10
1137,1104,charge,828.11,upi,success,864b789a-cd9b-49fd-a04c-57f62bb47157,2026-09-20
1138,1105,charge,1139.7,cod,success,dfcc8eb4-bfbe-4892-a3ce-37db7cb8b49d,2026-01-24
1139,1106,charge,1530.59,cod,success,025ec446-663f-430d-ab0b-b4578c0dc409,2025-11-05
1140,1107,charge,421.58,upi,success,fee91972-6f7b-43e7-9e19-f0104bf7e012,2026-07-06
1141,1108,charge,1483.68,card,success,e15680e9-ec06-4d73-b84e-2f114b523dc2,2025-08-17
1142,1108,refund,1483.68,card,success,5287e5f4-85c1-4181-8567-4f45ad3b1b9d,2025-08-18
1143,1109,charge,941.65,upi,success,9055e085-5f23-4322-a3b9-3a349d7739b2,2026-08-13
1144,1109,refund,941.65,upi,success,4a4a5612-243a-4f53-aa7b-6a7ca674dd6b,2026-08-14
1145,1110,charge,760.56,cod,success,cd853347-3457-4c7f-af5d-b99c85f3cb12,2026-09-17
1146,1111,charge,779.49,cod,success,5f0a74fb-b6e7-4214-b3b5-f7d79d2f1794,2025-11-12
1147,1112,charge,648.5,cod,success,78dc340b-4051-491c-9ac1-ad6984f612df,2026-04-29
1148,1113,charge,585.42,upi,success,54867db3-efaa-4791-b5eb-0106767f5095,2026-07-17
1149,1114,charge,260.6,upi,success,ff0614bb-b85a-44cd-bf2b-f0e4ed55169f,2026-09-21
1150,1115,charge,944.73,apple_pay,success,2a0b83f4-22a5-47cf-ad87-07d5da36a2b6,2026-07-13
1151,1116,charge,505.15,card,success,794f9276-d454-4573-b70f-9392863daa90,2026-09-17
1152,1117,charge,1061.2,mada,success,2de1bda4-6a92-447b-9154-00a60283a43b,2026-08-22
1153,1118,charge,33.0,cod,pending,fe4995a4-112a-4ef5-b872-420e267d46e7,2025-09-18
1154,1119,charge,159.18,cod,success,b3932fb8-4fd4-4793-816f-2931fa1b1bac,2024-12-19
1155,1120,charge,667.7,apple_pay,success,1806699f-b1ac-41dd-b303-343c300b6e7b,2026-02-10
1156,1121,charge,1056.49,apple_pay,success,183f36db-54be-47e0-b566-639489a8c57d,2026-08-08
1157,1121,refund,1056.49,apple_pay,success,982e2afd-77fc-462b-9ffe-37090fa4c293,2026-08-09
1158,1123,charge,401.79,apple_pay,success,a2e768d7-59b7-463f-9117-f840280d4e22,2026-03-07
1159,1124,charge,125.3,apple_pay,success,584f218a-39dd-41e1-a222-c7758f24da7e,2026-05-09
1160,1124,refund,125.3,apple_pay,success,3150e60d-ed89-42c2-839d-fd70a0fa7665,2026-05-10
1161,1125,charge,136.55,cod,pending,e958c430-d21c-4643-88c0-8457464aea48,2026-02-13
1162,1126,charge,798.23,cod,success,bab4eb77-959f-4841-ad19-312dde3b5a64,2026-03-03
1163,1127,charge,773.2,upi,success,c4596172-9fdf-4b1b-9e05-b8b14e45a736,2026-09-12
1164,1128,charge,806.77,apple_pay,success,8fa50e32-4137-4168-af2e-cdc9673c984b,2025-12-10
1165,1129,charge,1446.06,upi,success,33dcd09c-a8cc-4023-a43f-daf08a8016fe,2026-07-31
1166,1130,charge,373.77,cod,pending,1a5ca752-2705-4d96-97b7-32b313d579ae,2026-06-28
1167,1131,charge,133.93,cod,success,2da6b974-47ad-41dd-b768-b54abb0c686a,2026-07-03
1168,1132,charge,1119.76,apple_pay,success,206faddb-1a31-487e-904c-01a1434fe133,2026-05-11
1169,1133,charge,250.06,card,success,a513964e-965a-493e-85b6-9e95cc009f08,2026-04-28
1170,1134,charge,754.3,mada,success,935e2c27-5485-40db-a208-c875c41c233d,2026-08-10
1171,1135,charge,340.82,upi,success,9ad28c4a-9798-439e-9a78-6fcac5a06501,2025-11-11
1172,1136,charge,707.35,cod,success,bcbd6eeb-ceab-4f76-b776-f4e846f90964,2026-08-08
1173,1137,charge,865.63,card,success,e8c347d0-ab22-4d1d-9daa-c867df0fea06,2026-08-27
1174,1137,refund,865.63,card,success,00af085d-2b08-4fcd-b595-1ffd793130ce,2026-08-28
1175,1138,charge,1286.23,card,success,3768d6aa-fd34-421e-bb59-475ec88a9a74,2025-06-14
1176,1139,charge,1814.56,cod,success,9d6ba3b5-cda8-48b5-adf6-cca41761f1ce,2026-07-17
1177,1140,charge,358.21,apple_pay,success,79b8023d-2a31-49ba-a4b1-7e4525807a2c,2026-08-20
1178,1141,charge,2108.06,card,success,13e9e070-52c6-4562-8010-2dc0dfe6b589,2026-09-26
1179,1142,charge,830.79,card,success,2310c9fb-0d5c-4547-b847-91e0e55d32af,2026-06-13
1180,1143,charge,550.14,card,success,6ce763e1-708f-45a1-8ea6-e9bc82ff1dad,2026-08-14
1181,1144,charge,1034.18,card,success,4d747649-53bc-40e0-b8c0-9d8baa3319bc,2026-08-07
1182,1145,charge,305.44,card,success,3da34aca-1e07-44a8-828f-d8cb80189536,2026-05-30
1183,1145,refund,305.44,card,success,c61f98b1-6097-4bc0-a4ab-d0358f65abf9,2026-05-31
1184,1146,charge,1083.4,mada,success,5ae0bb5a-7977-43fe-b4cc-721462b215ad,2026-09-03
1185,1146,refund,1083.4,mada,success,51251262-85a0-4af6-96b1-ba8c4fcf9f89,2026-09-04
1186,1147,charge,232.32,apple_pay,success,9afa3fb4-e21f-4167-9404-e49287db0168,2026-01-27
1187,1147,refund,232.32,apple_pay,success,2a869922-f492-4b35-b6c2-1bc3d799d80d,2026-01-28
1188,1148,charge,149.88,upi,success,4719c1a8-d567-4214-a23e-be36f20ba0c9,2026-03-06
1189,1149,charge,989.28,mada,success,6fef2c5d-d702-4edd-a494-0bbdb61ae1b0,2026-04-16
1190,1149,refund,989.28,mada,success,b1f20ebf-7d76-4495-b10f-c4158f7c0071,2026-04-17
1191,1150,charge,1444.28,cod,success,1ec80917-af74-4001-8023-539bc9f99d37,2025-04-25
1192,1151,charge,861.04,mada,success,a6ef8273-6f77-4027-a656-cfbc8ed2de16,2026-04-15
1193,1152,charge,408.15,card,success,ddbb3fa4-0679-44f2-ad92-38a459225b53,2026-05-28
1194,1153,charge,1221.94,card,success,c54f87ad-7750-4fbb-9af9-ae1b5d9dacbd,2026-06-29
1195,1154,charge,2016.81,mada,success,6c905f13-ba7e-4b51-9892-e71aab87aea4,2026-05-20
1196,1155,charge,179.7,cod,success,e054dba1-8f4e-4920-9df2-055436ba4892,2026-03-30
1197,1156,charge,1213.78,card,success,30e4541b-f07c-4ca7-abac-d8e1ff7661bb,2026-01-02
1198,1157,charge,504.57,apple_pay,success,eee5b33e-2dd3-4f8e-9fcb-f48261e8baa5,2026-08-14
1199,1158,charge,919.44,apple_pay,success,3222504f-02bb-4d94-bed5-0d6bbf6494b6,2025-11-02
1200,1159,charge,1502.14,card,success,31e43850-86a8-4b2b-9c69-ee49712c3126,2026-09-05
1201,1160,charge,882.02,card,success,5415668e-4f75-43d1-9610-7189016ff44c,2025-06-07
1202,1161,charge,573.72,card,success,ea725584-5e6e-487a-a939-f79018177e4a,2026-03-03
1203,1162,charge,1008.0,upi,success,03539b9a-ebeb-4d98-80b7-10a640f66fde,2025-09-30
1204,1163,charge,1309.67,apple_pay,success,a5b01639-0895-4db1-85e5-26e19b559178,2025-08-17
1205,1163,refund,1309.67,apple_pay,success,65f69897-7a8e-4e5c-a444-c04046633755,2025-08-18
1206,1164,charge,424.8,upi,success,b44aad77-b20c-4a3f-bee8-acf10b3e2b6e,2026-03-05
1207,1165,charge,1252.17,card,success,0ea66dbf-a011-48d8-8630-419c40c71862,2026-06-09
1208,1166,charge,248.26,mada,success,07ca07d8-d2c5-4940-927a-72dff89cad3f,2026-05-20
1209,1167,charge,294.28,cod,success,7886f504-ed75-4b74-b7d0-c829dcf9b680,2026-09-09
1210,1168,charge,1407.93,cod,success,7458d92c-a1da-4c7a-9b88-26edff4a9185,2026-05-06
1211,1169,charge,2012.28,mada,success,bffbce28-7933-4a49-ac7c-41067d845537,2026-05-13
1212,1170,charge,307.54,card,success,8bab9c9c-c026-4d51-a5c5-bce0dffbdc2d,2026-06-12
1213,1171,charge,756.39,upi,success,5e99c568-09c7-4e3d-9a98-5b74ceb3c70f,2026-08-15
1214,1172,charge,638.31,upi,success,b69b8391-e4ee-4f51-9ce8-5b7d0761dc0c,2026-02-18
1215,1173,charge,553.45,upi,success,2d49d235-bc77-4a20-b4a4-cb8027379316,2025-06-15
1216,1174,charge,534.6,cod,success,1533fe82-21b3-4264-99d7-6878def42b39,2026-02-26
1217,1175,charge,2311.7,upi,success,1e92c0ae-d886-4de4-9585-3f0b6b691bd2,2025-07-10
1218,1176,charge,642.1,cod,success,b5e9489c-a331-44b0-b181-38900e592949,2025-06-25
1219,1177,charge,464.64,cod,success,db9eb2e6-18f4-46dd-9071-ce940ff48fe8,2025-07-21
1220,1178,charge,1940.5,card,success,da42698b-fbc0-43a8-8708-cf0f8b490e26,2026-07-20
1221,1179,charge,579.43,cod,success,bcc9c2e6-9d2f-4a3e-a7b4-f9c831b5efb0,2026-06-01
1222,1180,charge,2964.27,mada,success,ac0798c7-d657-4ecb-9529-885a0444c6f1,2026-04-02
1223,1181,charge,415.98,upi,success,e5d20eae-5104-4a0c-a650-8af4d9259a4b,2026-09-04
1224,1182,charge,654.76,upi,success,fc7c356d-e7dd-43a5-ab51-9424b595459d,2026-05-10
1225,1183,charge,1557.24,cod,pending,5dc2fd9b-f1bd-457b-b8dd-dfc2963ba31c,2026-09-29
1226,1184,charge,819.67,cod,pending,aa1c5dca-f0c7-415e-83a0-b96b842ee348,2026-09-30
1227,1185,charge,505.65,apple_pay,success,aaefdbe1-d674-498a-aa97-cbce673659ef,2026-09-11
1228,1186,charge,488.26,cod,success,316482fe-10a0-4260-8fbd-6062ab6d9aa8,2026-09-15
1229,1187,charge,1689.97,mada,success,25c37945-8063-4ce4-82e4-1a50d33650db,2026-09-22
1230,1188,charge,269.48,cod,success,2c2e8ba0-157e-4914-8442-4098ba9cee3d,2025-05-22
1231,1189,charge,1784.67,card,success,9bc88efe-4688-4612-8b64-e782718296af,2026-04-08
1232,1190,charge,780.29,mada,success,68c4b51a-8166-456c-b04f-bce932dcea5b,2026-06-17
1233,1191,charge,589.24,apple_pay,success,d79570be-bf30-45c3-a2a3-00712c47a51f,2026-08-28
1234,1192,charge,1007.62,mada,success,4fa87a65-00d3-4021-b0eb-453ed67df90d,2026-03-14
1235,1192,refund,1007.62,mada,success,1e228ade-59c6-4a52-8f80-d1ef4615575c,2026-03-15
1236,1193,charge,815.26,apple_pay,success,d60b04a9-9173-4d93-b75c-4f3057696e2f,2026-04-22
1237,1194,charge,87.79,apple_pay,success,ee265c95-90f1-47ee-960a-5654b2403468,2026-08-22
1238,1195,charge,25.86,card,success,eb02c661-1dc3-4362-9691-c83a7687853e,2026-06-04
1239,1196,charge,714.87,card,success,161f77a1-bac3-4057-aeb8-6221172f0d9b,2025-12-16
1240,1197,charge,248.86,mada,success,a06a7de4-9755-428f-9147-c3ba2f875748,2026-06-21
1241,1198,charge,1772.63,card,success,2b5997f2-c447-4e3f-8525-c1b4f73c6a1f,2026-06-08
1242,1199,charge,1367.3,cod,success,a3506764-37af-463b-82ac-1c61c9eaa5b9,2026-07-04
1243,1200,charge,2863.76,cod,success,e09012d7-14ce-4f0f-b5d9-704d5fe12b57,2025-09-05
1244,1201,charge,203.53,card,success,4ecad266-3f29-4615-b178-0077b96a33aa,2026-01-07
1245,1202,charge,330.23,cod,success,f151ff15-a46e-499e-ae4e-d89fd659d69f,2026-09-20
1246,1203,charge,2863.27,card,success,bf5628b9-30eb-4400-9d55-8095e6c75732,2025-10-28
1247,1204,charge,876.24,card,success,4f7c1491-21fa-48a0-bcf4-ced1c17e3dc0,2026-01-02
1248,1205,charge,475.35,card,success,497dd968-b4b6-4702-a11a-7d790da761fd,2026-06-13
1249,1206,charge,150.0,mada,success,90a67567-23f2-468f-876a-25332d91ac23,2026-07-27
1250,1207,charge,387.13,mada,success,d5d4999b-39d8-4a14-a9fa-c66650c74b31,2026-05-25
1251,1208,charge,697.99,mada,success,330062f1-e231-4ce6-85d6-2ecd3030d7f4,2025-12-05
1252,1209,charge,555.1,cod,success,42650798-4b80-4fa6-bab1-fa122d5737a0,2026-05-06
1253,1210,charge,1406.93,card,success,17a85108-43b9-4b02-b089-8400b2932bfb,2026-05-20
1254,1211,charge,2289.28,apple_pay,success,5d15c129-9425-4e90-9aeb-50557d692580,2026-01-24
1255,1212,charge,555.07,card,success,85e620fe-a44e-43e1-85ba-136f594ed61a,2026-06-01
1256,1213,charge,1409.47,card,success,afe1d845-a18a-4249-945a-1de3731dc76f,2026-05-11
1257,1214,charge,591.93,cod,success,f31d40e2-0967-4567-aba4-39e6d4ec494f,2026-04-16
1258,1215,charge,918.79,cod,success,27dc3b65-62bb-484c-95d1-2c70d5b07c12,2025-11-26
1259,1216,charge,508.3,card,success,fe66c4fa-35ed-4f38-9197-107c89b702ed,2026-01-17
1260,1217,charge,536.73,card,success,a560c775-58cf-4966-af11-0436b3c28ec5,2026-02-05
1261,1218,charge,524.16,cod,pending,49e785c7-cbd8-415e-ae98-b722cf97b016,2026-05-25
1262,1219,charge,528.31,card,success,f7eefd84-b31c-4349-9799-2f42351b3e63,2025-11-03
1263,1220,charge,2163.63,cod,success,be3de265-d471-4d86-8d36-645980f6c26c,2026-09-12
1264,1221,charge,4378.57,apple_pay,success,8365d2cf-173b-4226-84d9-ea2dcb56eb48,2026-08-04
1265,1222,charge,150.0,cod,success,37df8dfb-421a-4d96-b5f1-e04bc5fe21d6,2026-05-28
1266,1223,charge,1248.78,card,success,ec02e881-080c-4aaa-82c6-cc4277ba69f1,2026-09-01
1267,1224,charge,123.76,mada,success,a190aa44-a888-4521-845c-10ea1d842e8f,2026-07-07
1268,1225,charge,1368.59,cod,success,779d7db4-23ca-4f2f-b9a7-59de2fb9950b,2026-04-16
1269,1227,charge,1175.56,apple_pay,success,9053317b-5f4d-4c1d-92af-891a9639e2b7,2025-12-31
1270,1228,charge,528.84,card,success,e6b9f3a3-96a0-4726-a886-a9fc60beb85d,2026-05-07
1271,1228,refund,528.84,card,success,1ac7ea5b-b387-411d-9286-f97708aa6127,2026-05-08
1272,1229,charge,2578.38,cod,success,e6a98352-de8c-4a13-9bdf-d4cea125151b,2026-03-05
1273,1230,charge,164.2,card,success,79ba19db-6be1-410b-a8a3-df6e02059f80,2026-04-22
1274,1231,charge,289.58,upi,success,e729b06f-a5db-4ca3-9630-202155afb783,2025-10-28
1275,1232,charge,75.08,upi,success,5ba62f73-e9c4-4f0d-afe6-8a5219a7361b,2026-09-11
1276,1233,charge,689.18,card,success,8bf9a66d-7782-483f-a9a9-b2d74e681465,2026-08-30
1277,1234,charge,33.0,cod,success,7062dff6-0591-47e1-8086-08612fa83aa4,2025-09-04
1278,1235,charge,317.22,mada,success,97f483d6-74d9-4fb1-9dda-4e36cf292101,2026-09-27
1279,1236,charge,259.54,card,success,bb1fdb98-6f5a-481a-b1ca-a64c93727484,2025-06-24
1280,1236,refund,259.54,card,success,3e5bd4af-d587-47a3-b93c-04f7663ab809,2025-06-25
1281,1237,charge,841.9,upi,success,99d75477-5f8b-40f7-b92e-efe040a8bd6b,2026-02-06
1282,1238,charge,1420.41,cod,success,66b1f859-adb5-45e6-bb88-e4ef567f3096,2026-03-27
1283,1239,charge,205.65,upi,success,edd24200-f884-495d-8a45-e44d4cd82847,2026-04-17
1284,1240,charge,1865.36,upi,success,ef4c113d-c35f-4e12-bbfb-48d5e09f6e24,2026-07-14
1285,1241,charge,380.32,apple_pay,success,1b9c67e0-81c8-4e2b-ad48-6d9ae69f1f78,2026-09-21
1286,1242,charge,786.18,cod,success,44f4d74f-c629-4ca6-ad07-67746bc5bcd4,2025-07-25
1287,1243,charge,1393.45,upi,success,97d3d50e-6697-4f77-93d6-40ccf4382911,2026-05-22
1288,1244,charge,997.93,cod,success,2a983090-831f-4302-a9fd-9b08074f6459,2026-02-26
1289,1245,charge,1538.19,apple_pay,success,98cb3cb4-e2f7-47ea-8cf2-fdf8ec1f5d97,2025-08-02
1290,1246,charge,905.34,upi,success,862a76f2-f15e-409c-b297-fa7ff719ae43,2026-07-24
1291,1247,charge,1595.29,card,success,9167adea-f8f1-466b-b395-1a4532ce6a3d,2026-07-03
1292,1248,charge,570.2,cod,success,a9d500dd-2140-4672-a3b9-7f36c0793f64,2025-10-10
1293,1249,charge,162.0,card,success,0dc5d7d9-f5bc-40c0-89df-af7c55492107,2026-08-30
1294,1250,charge,1031.06,cod,success,caf91924-4f2c-4cfd-9724-5dacf8673a5b,2026-05-06
1295,1251,charge,1043.35,card,success,589a2b88-cd2e-4c8b-a436-c8dec40cfbde,2025-01-06
1296,1252,charge,538.62,upi,success,75e913d8-2a53-4bd6-a55f-daa5756e3fd6,2026-03-24
1297,1253,charge,385.22,mada,success,334dd7aa-25c1-4899-a89a-92c5003742ae,2026-03-09
1298,1254,charge,1451.99,card,success,4eba12da-4d20-46cf-ac0c-ad5ce2095271,2026-07-03
1299,1255,charge,473.36,cod,pending,db964db1-3c76-46e5-af41-87bc1493794a,2026-02-01
1300,1256,charge,2071.6,cod,success,b960df1f-1715-4d76-afc1-aaeb340ce8c9,2025-08-06
1301,1257,charge,1625.55,mada,success,8e2b4d2c-af49-4395-a775-957e3ea6ca65,2026-09-01
1302,1258,charge,482.25,cod,success,01440fa3-5fcf-4c27-868e-47b0d87db947,2026-09-05
1303,1259,charge,410.73,card,success,1993edfe-583f-497d-a8c9-d68c7a3338e0,2025-09-30
1304,1260,charge,2206.15,upi,success,64e04880-afd1-4c73-8cc1-9913788664f3,2025-06-10
1305,1261,charge,2665.23,card,success,78e90ae9-e9af-4d28-b665-de1bb2e33ad9,2026-02-17
1306,1262,charge,1498.74,cod,success,76a6e2e6-d4d3-4808-a054-a51cab1ead74,2026-05-20
1307,1263,charge,456.06,mada,success,eabd37da-c357-4620-be24-5711b4cb1a42,2025-09-04
1308,1265,charge,950.49,cod,pending,517fd316-20e5-4866-a338-0b421887fa69,2025-06-26
1309,1266,charge,281.52,card,success,665ec4dd-222e-4711-af6d-5b4bc356dee2,2026-07-10
1310,1267,charge,313.69,cod,success,487f70f0-e5e4-4935-93bd-99f9c5f4656a,2026-08-12
1311,1268,charge,548.89,cod,success,df683491-baf9-4a9d-acbc-63edd1ddd3e6,2025-03-12
1312,1269,charge,391.35,card,success,88bbc5bb-64d3-4090-98d0-fc616cb2170b,2025-10-10
1313,1270,charge,71.68,card,success,ab7d09b2-7d01-4706-98cc-49bb12581998,2026-01-31
1314,1271,charge,884.1,cod,success,06e2ac94-9620-4553-b860-b58fbd8cc32e,2025-10-21
1315,1272,charge,1038.55,mada,success,2d9be542-9bc8-4ea5-a2b5-e74d38c0f0c3,2025-07-22
1316,1273,charge,373.29,card,success,5cbe693e-5e7f-48d9-bc33-499fc4916b7f,2026-09-03
1317,1274,charge,1507.29,upi,success,00684d9c-d2bf-4c31-805f-6a69570078c1,2026-09-23
1318,1275,charge,536.94,cod,success,65ef2c84-c06e-4481-9963-37aa9c4e1662,2025-01-16
1319,1276,charge,710.4,cod,success,3ae61863-a544-4d55-93c7-f140ea224efd,2025-10-28
1320,1277,charge,371.76,mada,success,0b53d4e6-301e-4689-bffc-b3fe23593443,2025-10-20
1321,1278,charge,68.55,mada,success,17c50a7c-6f76-4a77-8d4b-cdb2361352a0,2026-09-14
1322,1279,charge,420.01,card,success,2e0c5488-a76f-4d3c-a252-2f2656ef26a3,2026-08-29
1323,1280,charge,52.78,apple_pay,success,4fa3baf6-48f3-48ba-a697-64976cfb6acc,2026-04-28
1324,1280,refund,52.78,apple_pay,success,7b0c036b-d23f-444f-acde-afcd63065765,2026-04-29
1325,1281,charge,285.4,mada,success,f47bffba-f561-4747-82d2-2c7408ea6671,2026-08-31
1326,1282,charge,136.29,card,success,65f17e33-29dd-4229-adf4-e3876bf6f2f7,2026-02-17
1327,1283,charge,1314.76,mada,success,1b3f0866-d590-42df-8470-f4aeaeadd1dc,2026-02-10
1328,1284,charge,1211.38,mada,success,58a64190-1527-4d08-8e65-050b77052c84,2026-05-26
1329,1285,charge,771.81,cod,success,a7e70139-19f5-4f3c-bb90-4dfeafa1ff17,2025-06-18
1330,1286,charge,755.84,cod,success,ce9205ae-cdb5-482a-a78b-941fdcca9a71,2025-05-07
1331,1287,charge,365.9,mada,success,20f5128d-51ab-4c77-a92f-adf7032124e8,2026-06-02
1332,1288,charge,66.6,card,success,afb144b5-624d-4ff7-81c8-d068931e5f89,2025-05-24
1333,1289,charge,333.85,cod,success,a76090e7-7c73-4166-82f7-79797466b319,2026-06-24
1334,1290,charge,152.6,cod,success,6c262577-66d6-489e-ab91-e501f5bd62cd,2026-08-09
1335,1291,charge,1376.04,upi,success,6ccb9163-4d8e-4d5e-8df4-73bbc577d3a5,2026-01-14
1336,1292,charge,705.48,card,success,1daf7374-a255-40ef-bdf7-f8f04236d2f9,2026-08-31
1337,1293,charge,1099.76,cod,success,e88081f9-cd6b-4aa0-8e9f-bfeb9a87e44d,2026-08-17
1338,1294,charge,1201.58,upi,success,c7efd8e2-5f71-4ac6-8087-1ba97344e407,2026-08-29
1339,1295,charge,745.32,card,success,d81b6bb7-55c6-48d6-b647-2ba8793a650c,2026-03-05
1340,1296,charge,91.56,cod,success,1c968b9b-5d67-4515-b8c5-ef5c88f757fb,2026-05-12
1341,1297,charge,613.16,cod,success,6c8f8833-fb11-4ab6-adc8-6df8c9162eb7,2026-07-28
1342,1298,charge,1259.5,card,success,decceaea-622b-4588-8275-da34881e40c6,2026-08-22
1343,1299,charge,177.62,card,success,01c7ea8b-267f-46ec-947b-7a33acba60e2,2026-01-13
1344,1300,charge,92.66,mada,success,b522f610-ef26-4a84-b2bd-509b564d36b6,2026-08-02
1345,1301,charge,284.6,apple_pay,success,83d03e33-3296-44c0-8201-938b971444b7,2026-09-07
1346,1302,charge,899.42,cod,pending,df48d6fa-ba45-40ff-9d51-30aed015f623,2025-08-22
1347,1303,charge,744.78,apple_pay,success,76fab828-0c6d-4a71-af54-d2b9747a2ecd,2026-06-27
1348,1304,charge,1311.96,mada,success,de2e7abc-1f1d-4ed9-8a33-3eef481e67f3,2026-07-12
1349,1304,refund,1311.96,mada,success,0cd19e0c-5dfa-4933-b5d2-fda97d57d424,2026-07-13
1350,1305,charge,1229.55,cod,success,5e8a35cb-afb7-49ba-996d-9303e3a060f1,2025-04-12
1351,1307,charge,417.86,card,success,accc8e70-5663-4490-acfa-d76f40987d5c,2026-09-13
1352,1308,charge,373.36,apple_pay,success,060615bf-d1b5-4519-844f-376a4bd01f7a,2026-07-21
1353,1309,charge,2860.43,cod,success,4b11c181-2dc1-4143-8469-8c048af190cb,2026-07-25
1354,1310,charge,205.42,apple_pay,success,725f875a-047c-4fe5-aac4-75a55b5cd6c5,2026-08-31
1355,1311,charge,1320.92,upi,success,091e11df-a2cf-432d-8c34-f9de531b1e76,2025-12-24
1356,1312,charge,450.23,upi,success,bb5e14d6-5b74-4fdd-9c97-46949884f76d,2026-07-05
1357,1313,charge,658.03,card,success,656e5170-bd1a-4704-8801-36fc095f6d43,2026-02-07
1358,1314,charge,220.46,upi,success,88f4ca54-1584-484b-acdc-1cc03fa60025,2026-09-12
1359,1314,refund,220.46,upi,success,250768f2-ba0e-4d56-a045-1dbd1835e89b,2026-09-13
1360,1315,charge,834.63,cod,success,e489149f-6e5c-4ae7-be52-c22ca2070bf3,2026-02-15
1361,1316,charge,575.58,cod,success,754182e8-f8cb-47ff-986b-3c2246527e16,2026-07-10
1362,1317,charge,1108.54,cod,pending,eb34d8de-3e7d-423e-9e03-83d4b061c6ff,2026-04-05
1363,1318,charge,2119.73,mada,success,eea90156-d5bd-4de2-a751-0ccfd358a5d7,2026-03-28
1364,1319,charge,744.78,card,success,91ae757c-8607-4228-920b-58cfbb916d1c,2026-08-07
1365,1320,charge,645.4,upi,success,539b4d73-1397-4f7e-8a67-7292755afc3d,2026-08-16
1366,1321,charge,147.14,apple_pay,success,9bfe970a-2591-4ffa-89cd-33a65f6f83c5,2026-05-11
1367,1322,charge,2639.47,card,success,cffe7547-a347-4f55-b94b-a015fa126797,2026-07-10
1368,1323,charge,1196.75,card,success,833bde78-61c5-4cc8-99e3-2dbee1cd2b70,2026-07-31
1369,1324,charge,972.3,cod,success,56784633-1429-4f31-b9b3-c0eefaf2be80,2026-09-04
1370,1325,charge,1020.44,apple_pay,success,4d4ef3fa-bfcf-4645-a301-767aed6cbe79,2026-09-29
1371,1326,charge,872.68,apple_pay,success,2f160f3d-05ba-4c78-a696-dea06c2aeb89,2025-12-08
1372,1327,charge,1354.18,apple_pay,success,b8ba61b8-41c1-4233-bf2c-1fd1f34ab83d,2026-09-29
1373,1329,charge,767.48,upi,success,144be8bc-e207-4595-be20-9925a72427a6,2026-08-17
1374,1330,charge,1107.89,card,success,f714bab7-6ef5-4d48-a98f-8c8ad63c04c0,2026-08-14
1375,1331,charge,147.42,card,success,92262ecf-310f-4eb5-8b2c-4e211dce0e8c,2026-04-08
1376,1332,charge,1831.65,cod,success,9d96bf5e-4d9e-4bb9-beb2-f90442cf4e6d,2026-06-11
1377,1333,charge,56.35,cod,success,cb317618-daaf-463a-8a06-3bf5839818fc,2025-06-17
1378,1334,charge,2154.14,card,success,0c8033f0-cc88-4185-b1ba-d5eb3e668eb8,2026-07-19
1379,1335,charge,1537.68,card,success,3717f44b-7911-4e22-92c6-26305fcdf4b8,2026-06-07
1380,1336,charge,420.73,cod,success,46586cb2-6fdb-4b51-af7b-80f1c2be7bac,2025-02-22
1381,1337,charge,1601.44,card,success,2f8aeb01-c73f-41d2-b059-5815bf32dbc5,2026-03-18
1382,1337,refund,1601.44,card,success,0bb5c276-abe3-47f3-8066-703846dfe43f,2026-03-19
1383,1338,charge,476.98,upi,success,2e671517-e8e5-4412-a60f-475f9ac88b74,2026-08-12
1384,1339,charge,543.48,card,success,014b069c-45ce-4149-88f0-06a3ad9f0e53,2026-06-21
1385,1340,charge,1820.79,mada,success,c8347776-04ca-43d1-b506-e337683d21a9,2026-09-11
1386,1341,charge,1245.16,card,success,46573d38-2138-481b-a83f-18e26a11315a,2026-09-10
1387,1342,charge,556.92,apple_pay,success,ca4e5cc5-995d-455b-b662-8c4e445d9a87,2026-06-27
1388,1343,charge,1661.7,card,success,18deabfe-5172-44f0-a285-f766f9d46d34,2026-03-16
1389,1344,charge,1043.72,cod,success,b58194e0-04a0-4d55-b98e-1dc038a8ab55,2026-07-23
1390,1345,charge,2859.64,cod,success,9c83cfae-1050-4d65-b897-3d1553199080,2026-08-20
1391,1346,charge,1832.91,cod,pending,9bfc24bd-b647-458d-ba68-f42949af5000,2026-07-29
1392,1347,charge,638.04,cod,success,6bb73dac-9681-4aed-b5ec-c661d3b4a1d1,2026-08-30
1393,1348,charge,2493.39,card,success,8a9cfc8d-5429-479b-9861-0b0ba280760f,2026-02-04
1394,1349,charge,343.77,mada,success,8ec29e07-ee0c-4303-b9c1-1c4a639817e5,2025-09-15
1395,1350,charge,1591.47,upi,success,51d41c6a-5731-4c46-97cb-9e5b03379b0b,2026-08-22
1396,1351,charge,366.31,cod,success,26daf6d1-71c3-46be-9297-cb6658ab766f,2026-06-08
1397,1352,charge,910.19,apple_pay,success,7fbccd75-be19-44aa-9ab7-12f6764231c3,2026-08-30
1398,1352,refund,910.19,apple_pay,success,2b85ffb7-b29e-4126-8840-e78a35ec5514,2026-08-31
1399,1353,charge,1922.34,card,success,6726f5b4-4175-41f4-a3db-0deaac48ceaf,2025-07-13
1400,1354,charge,505.25,cod,success,92419671-da2f-499b-a923-895d08429e20,2026-08-09
1401,1355,charge,2254.14,cod,success,7c8dc9d0-a1a2-42d0-941f-b001f7bcbc14,2026-06-22
1402,1356,charge,872.12,mada,success,15458478-5865-4721-bc25-7ff18fb30b07,2026-03-22
1403,1357,charge,1135.04,mada,success,87935334-fc20-494e-bf7d-a45e35221344,2025-01-01
1404,1358,charge,1286.77,mada,success,c03832d0-4ab4-4a29-8dd5-16c85e8354da,2026-06-27
1405,1359,charge,203.06,card,success,77a63918-acac-4f3b-b395-734b50b9ff30,2026-05-26
1406,1361,charge,817.59,card,success,95be6c8a-9ff7-407b-a7e9-184f07918b35,2026-03-06
1407,1362,charge,656.6,card,success,909cca67-5a04-4fb0-9fcf-d7112aaf1966,2025-06-18
1408,1363,charge,882.85,apple_pay,success,c3d31e5c-feee-4138-aa57-31f76e78cd59,2026-09-11
1409,1364,charge,326.64,upi,success,48acdcf8-f92d-4dcd-805a-fd9405fe16de,2026-03-03
1410,1365,charge,2687.04,card,success,fd5baf20-7da2-4e1b-be7a-31688e72d17c,2026-01-05
1411,1366,charge,414.25,cod,success,899fad03-ebd2-4573-a012-a24e3c168418,2025-09-01
1412,1367,charge,1477.58,card,success,f2e5cecf-9b6c-4494-a0e0-b67321b6eb84,2026-03-09
1413,1368,charge,811.9,mada,success,654fda31-18d3-4b67-9f9d-4db1d983dadf,2025-03-17
1414,1369,charge,920.92,card,success,1c526dd1-fdfc-4a9d-b618-187c37e2dc86,2026-08-30
1415,1370,charge,2049.24,card,success,dd69a596-2dba-433f-8a12-c64f921c5875,2025-10-16
1416,1371,charge,1281.45,upi,success,fc00814b-c70b-4b6e-8451-e56228bbecfb,2026-07-05
1417,1372,charge,1048.44,cod,success,8cd1692d-66af-4249-ba98-f602bc059dfb,2026-08-17
1418,1373,charge,142.07,cod,success,37bea260-c053-4253-9a1e-490d6894844f,2026-07-17
1419,1374,charge,1786.7,cod,pending,4764a956-9968-4a3c-a684-79846b0dd81d,2026-07-26
1420,1375,charge,670.22,cod,pending,a159bef3-5cf9-4400-853f-777f51c46d6e,2026-07-08
1421,1376,charge,1270.62,apple_pay,success,afd50018-e27f-4dc7-aa0b-46ea1b0b249d,2026-09-07
1422,1377,charge,2326.33,cod,success,a2ded1de-c302-40d5-a214-5243f5d23fc6,2026-06-04
1423,1378,charge,623.78,card,success,8852787c-891e-4aa2-8097-09fa5159b574,2026-06-22
1424,1379,charge,272.58,cod,success,676a504c-dbeb-41e2-b9a0-1a0b64657945,2025-06-25
1425,1380,charge,727.35,apple_pay,success,4949ded7-76c3-4071-81bf-7df87ead63bc,2026-08-21
1426,1381,charge,2509.81,apple_pay,success,282f0aa6-730f-4b28-acaf-549ed37dcef3,2026-06-30
1427,1382,charge,2839.7,card,success,6669f679-2d78-404b-9f93-55acec8566f0,2026-07-16
1428,1383,charge,1321.1,mada,success,d4721e33-885c-4793-80da-b7f849d5182c,2026-09-26
1429,1384,charge,741.67,cod,success,a7fc1bad-76ca-4cbe-834f-b3a955849e58,2026-01-31
1430,1385,charge,766.22,card,success,192bb3bc-e843-4f65-aef0-244b2c19ee3d,2025-05-24
1431,1386,charge,484.64,card,success,6b08984b-a731-46f3-9485-39236223733d,2026-05-25
1432,1387,charge,101.56,card,success,305a1bef-6909-43c4-ab13-b71df96846e7,2025-12-26
1433,1388,charge,1442.8,card,success,3964afe6-9e6e-47d7-876f-3b07a2ec377a,2026-09-27
1434,1389,charge,574.98,apple_pay,success,80dc4873-9eb3-48ad-9c15-b25e2379750a,2025-09-09
1435,1390,charge,307.7,apple_pay,success,9211d6cc-997d-4ca9-949c-0766ffb88ef4,2025-02-24
1436,1391,charge,1173.06,mada,success,05d86c95-f20b-4199-a8a5-7ee7bb6e0d06,2026-09-07
1437,1392,charge,1062.4,upi,success,2a9d0c6a-3ffc-4e13-9c1c-ac23533487f7,2025-05-13
1438,1393,charge,183.19,cod,success,af326af5-78cf-436a-a020-72d991be0c2a,2026-09-06
1439,1394,charge,868.1,card,success,05d0f23a-5ecb-4693-b3ac-2f5e1749939d,2026-09-12
1440,1395,charge,386.55,apple_pay,success,ca359116-e22d-4fbb-99f1-9675be32fa85,2026-07-26
1441,1396,charge,1600.18,card,success,82e6e14d-8d53-4190-a3ab-bef5a7742626,2025-03-13
1442,1397,charge,2261.58,cod,success,e9c7eb29-d9ad-49e0-b16a-8466dd0a4a6e,2026-01-08
1443,1398,charge,1669.84,card,success,b91a7793-5e7a-4fce-b530-57b9295026e5,2026-03-13
1444,1399,charge,1966.17,apple_pay,success,78e00f78-2cda-40b2-bd43-c4fedfe91357,2026-06-22
1445,1400,charge,1781.76,mada,success,33252134-ebdf-4eb4-b679-9210efe87716,2026-06-26
1446,1401,charge,1370.07,card,success,109792a4-4b00-4cfc-a1f5-5aa5529e0da0,2026-03-29
1447,1402,charge,1219.46,card,success,93ddbda1-34fe-4da8-87e8-6429e4fa6417,2025-07-19
1448,1403,charge,1239.57,card,success,af051197-3ebb-45f1-b58d-aaee760fdd95,2025-07-21
1449,1404,charge,116.16,card,success,3dec163c-fd5d-4a42-b193-41779a6e868d,2026-06-19
1450,1405,charge,436.85,cod,pending,761eb7e3-f909-446c-ad47-de92cbf80a9f,2026-09-26
1451,1406,charge,311.64,mada,success,cdbe6de6-1c74-4dfd-a431-6e6c800e1610,2025-12-19
1452,1407,charge,584.52,apple_pay,success,df40fe04-54cd-47b4-967f-017d9aa03078,2025-04-19
1453,1408,charge,997.06,cod,success,3eaf5f08-28c5-41e3-a8ac-4518eb8f54d8,2026-02-28
1454,1409,charge,1176.93,card,success,11e12ee9-f664-42b9-b8d8-061976538a69,2025-11-16
1455,1409,refund,1176.93,card,success,ae991937-0846-4aa4-bfa4-cfdd01c31adc,2025-11-17
1456,1410,charge,1469.07,card,success,850f7bdc-ddf7-4263-a806-5678ad478200,2026-05-03
1457,1411,charge,707.72,upi,success,62a40afe-dcb7-4b1f-b85f-a1adfedb5a32,2025-11-08
1458,1412,charge,260.6,mada,success,f5239f95-6ac6-4272-8875-7d0612037b06,2025-08-23
1459,1413,charge,511.86,upi,success,898f3586-b74a-4db6-a223-afc0429146ca,2025-12-11
1460,1414,charge,750.2,upi,success,9b62d6d2-c6cf-47bf-b73e-54c31ef8aca7,2026-01-03
1461,1415,charge,791.97,cod,success,b6fac9b9-88bf-4b11-bd3c-c9e3a5a7a595,2026-09-18
1462,1416,charge,610.8,cod,success,d3e7acd9-7b16-4453-b042-eb9e061285a7,2026-08-21
1463,1417,charge,190.33,cod,success,cfc91b52-4aff-40a0-8f4e-2726b9dd378e,2026-03-06
1464,1418,charge,881.1,mada,success,b9a3773d-d283-4904-940b-f9dc65fd5412,2026-04-03
1465,1419,charge,673.62,card,success,664101fa-5d06-47cc-8a37-4f43c4cd8e19,2025-05-11
1466,1420,charge,1208.14,mada,success,a117b864-82f5-4390-ad69-6cb3b774b61d,2026-06-23
1467,1421,charge,528.93,card,success,c99496ab-6db7-4a7e-b0a6-d78ba64e2384,2026-05-12
1468,1422,charge,399.77,cod,success,d8d99ad8-255f-40b9-9a87-09bd1fc23099,2026-09-25
1469,1423,charge,354.3,cod,success,946e8ec2-d342-4e50-8208-62274333240a,2026-05-27
1470,1424,charge,1255.1,upi,success,b8d49cf2-1c9d-4bd3-8aa7-8357c0ea7a67,2026-07-17
1471,1425,charge,632.5,card,success,a812cf1b-69b3-4bf2-9dd0-9e342b4088da,2026-09-29
1472,1426,charge,1856.17,mada,success,3e39bf9b-e9b8-43ea-a456-d76756ff66fd,2026-09-10
1473,1427,charge,2293.4,cod,pending,43b6c6ef-35c8-4133-bb8b-1581cba95e23,2026-04-13
1474,1428,charge,1060.98,card,success,b197603c-a45c-4178-947c-903018dd3aea,2026-09-28
1475,1429,charge,1797.03,cod,success,b58674b5-e631-49ee-b54f-595f12f638e6,2026-03-26
1476,1430,charge,386.67,card,success,c1c97ab6-3ea6-45f6-80a4-00887dd7fc59,2026-09-26
1477,1431,charge,625.47,mada,success,b06f0681-4b98-42c5-97aa-5681428f54aa,2026-05-30
1478,1432,charge,671.52,upi,success,734bda19-c991-46cc-94a6-368b71d60744,2026-08-25
1479,1433,charge,669.15,card,success,4679fe6e-9177-4972-8207-291eb3167953,2026-09-16
1480,1434,charge,795.82,mada,success,23d86a4f-c2e6-4c05-8926-8f85982c7129,2026-07-12
1481,1435,charge,2029.06,mada,success,06a4093b-49d6-43b1-8593-53fa25e4e633,2026-01-20
1482,1436,charge,1371.95,card,success,90441ec6-5ef0-495e-a152-dc3a3894de06,2026-07-01
1483,1437,charge,441.36,card,success,4e8172da-4a8d-4853-b6bb-cd585cdb7eda,2026-07-15
1484,1438,charge,537.88,mada,success,9150d9b2-2886-425e-b741-12a5f1dde1f6,2025-06-02
1485,1439,charge,946.75,card,success,b68c55b2-79ac-446d-8e03-87ada246ea52,2026-07-06
1486,1440,charge,2086.78,cod,success,278976c9-4b7d-4b08-ac5b-fe79709ad1ab,2026-05-23
1487,1441,charge,1678.6,cod,success,20e8dae1-b1f0-4d9b-8e21-7fb3be654bf9,2025-08-04
1488,1442,charge,2709.52,upi,success,dbf11941-4ad6-43d0-9b81-ce242582bca6,2026-04-15
1489,1443,charge,1099.54,upi,success,3a58d606-a302-4b2f-81de-ca4c625cade5,2026-07-29
1490,1444,charge,1257.16,cod,success,954e95fb-362f-4bc2-99d5-d66c072b50ed,2026-04-14
1491,1445,charge,1005.78,mada,success,0316cde5-9590-4901-a5fb-24214d8e8fdb,2026-09-04
1492,1446,charge,1070.38,card,success,82330e6e-b89c-46e9-9d39-b50542696d14,2026-07-26
1493,1447,charge,1429.47,card,success,844e2e8b-ff01-4ec6-9ec7-8f9ebed64914,2026-09-05
1494,1448,charge,507.54,card,success,e666a9b4-9e53-44dc-ba1a-fd6767e56f19,2026-09-22
1495,1449,charge,373.29,card,success,a4d37418-581e-40ef-b8ef-6c712b9fff6a,2026-02-19
1496,1450,charge,577.78,card,success,8047c7e1-da44-4e00-964e-81dd27e78bba,2026-05-30
1497,1451,charge,294.28,upi,success,60c336eb-5fd6-49e6-85f9-70f75075b7d1,2026-09-04
1498,1452,charge,325.56,upi,success,a5fc00b5-7c39-415f-ad13-bac8dd8b6c69,2025-09-24
1499,1453,charge,1016.59,card,success,7b67caba-8675-4c71-9eeb-96012b4b8171,2026-05-12
1500,1454,charge,1916.06,mada,success,613f50db-e5aa-4c5a-bbe7-52062ce62f9f,2026-09-07
1501,1455,charge,636.66,card,success,1093a05b-f26b-4379-ab32-dc3a03a4bf4b,2026-08-08
1502,1456,charge,784.81,card,success,34d88c51-4f2e-43eb-b98e-249757a55d1a,2026-03-21
1503,1457,charge,271.0,card,success,9bcfe969-473f-4005-a66c-3392396c6135,2026-09-04
1504,1458,charge,923.84,card,success,1e9d8b00-ca0d-408e-ba90-2275c72bf2e8,2025-06-16
1505,1460,charge,3604.37,card,success,7fb0b7b6-5b43-4e1a-b26a-cdeaa6662e73,2025-04-15
1506,1461,charge,518.23,apple_pay,success,a37dafca-e9a6-4f13-91c4-b8c675961b93,2024-12-28
1507,1462,charge,266.28,cod,success,bf0aabdf-d708-4dc7-831f-9724e80368e2,2026-09-19
1508,1463,charge,260.9,cod,success,c9a5c042-c878-4b08-91a3-3332d882ce3c,2026-08-29
1509,1464,charge,2273.64,mada,success,bdcaf089-3a76-4ae2-a5ec-276c862c9e66,2026-09-12
1510,1464,refund,2273.64,mada,success,08683cbf-aa0b-4687-9d12-4a2233d9014f,2026-09-13
1511,1465,charge,2709.97,card,success,f3b81fe4-194d-4447-a05b-e2306603854f,2026-09-16
1512,1466,charge,1836.57,cod,success,457f4a84-1133-4ed4-81e6-0c4c545b19ba,2026-08-28
1513,1467,charge,240.49,mada,success,d8bb254c-88e5-413a-b62f-197d8da40d27,2025-05-25
1514,1468,charge,2361.77,card,success,1456a858-df63-4cb2-89a8-9d04bdc313b8,2026-06-19
1515,1469,charge,1856.27,upi,success,725687c2-0e54-4d51-8c44-5778f86e92d6,2026-04-11
1516,1470,charge,715.78,mada,success,3ea426b8-3f7b-46ec-85df-f8e291136499,2026-03-04
1517,1471,charge,2028.78,upi,success,2ec46bfe-bd4b-49cd-8c19-e0ac418df073,2026-09-23
1518,1472,charge,1297.33,upi,success,db869a02-a69b-4d21-afb3-8c42b0901da2,2026-02-19
1519,1473,charge,1609.38,upi,success,b7a63ca5-b08c-447d-ba74-7c443ebe066c,2025-05-21
1520,1474,charge,985.13,mada,success,fab87bb6-0a4c-4231-ad6c-18d074c0bea3,2026-07-24
1521,1475,charge,177.48,card,success,4708b42e-8d4e-46c5-8409-10e29bf072e7,2026-08-02
1522,1476,charge,953.11,mada,success,bbbbfd67-30a4-44b0-be3c-7c84176350f5,2025-12-11
1523,1477,charge,406.37,upi,success,e7f8daa8-104c-4b6e-aadf-1b58d4a84169,2026-02-21
1524,1478,charge,754.31,cod,success,4d81bc5e-85c6-4764-a1ee-ba3de733c344,2026-09-09
1525,1479,charge,959.93,cod,success,3e72e402-3a43-47a1-b52d-ed780f94db38,2026-09-17
1526,1480,charge,2019.52,apple_pay,success,7a2f2c57-94ce-43b7-82fd-7e2d95eef403,2026-05-17
1527,1481,charge,410.84,cod,success,e1b33498-8974-4baf-9928-3cfc76da7bc3,2026-09-03
1528,1482,charge,1350.59,card,success,ca3e7f3a-51a0-433c-8d13-c33bc80aa7cf,2026-07-16
1529,1483,charge,150.0,mada,success,7a71ce7b-3248-4699-92b3-b3eba247a4f5,2026-08-07
1530,1484,charge,147.42,upi,success,79dd7b95-1558-4c6d-b120-3b7a1dcccf24,2026-03-04
1531,1485,charge,1283.92,card,success,96e15645-8ad8-4f05-9991-77b932888f78,2026-08-08
1532,1486,charge,468.21,card,success,4cca3dda-7cbb-4627-9929-c7c73709d7d3,2025-10-11
1533,1487,charge,1763.92,card,success,6e047758-94eb-4ddd-8275-4eca91bf903d,2026-02-12
1534,1488,charge,376.32,upi,success,b850b440-1c8c-4498-a7ad-595bdc739cbc,2025-10-25
1535,1489,charge,623.22,card,success,a48339f7-c703-4a4c-b150-f94fe2f2cf57,2026-09-16
1536,1490,charge,1535.84,cod,success,a28af08d-ce46-4bf3-96c4-9c4431de54f6,2026-05-01
1537,1491,charge,910.1,mada,success,fe034a0e-74cd-473b-816b-44e19d4a305f,2026-03-05
1538,1492,charge,570.65,upi,success,683c3806-c12a-4c55-8072-8ad4002072c6,2026-02-27
1539,1493,charge,851.42,card,success,a1919e12-7e1b-4edf-854f-6d2d99f2587c,2026-06-26
1540,1494,charge,2485.7,apple_pay,success,7bb8373c-81dd-43ea-9421-b62c2d31317c,2025-06-19
1541,1495,charge,1546.96,card,success,a5310be0-f391-4a36-88a4-36ae83a2a06f,2026-06-15
1542,1496,charge,87.24,mada,success,883d9b03-de04-4086-83a2-9acd4cb50736,2026-05-13
1543,1497,charge,679.8,cod,success,ad8716e1-4679-4c1e-9755-19cd3fbfe7eb,2026-06-23
1544,1498,charge,429.81,apple_pay,success,a03c67ff-4f0d-47bc-80c8-b0838faf04ba,2026-09-28
1545,1499,charge,752.45,cod,success,c1b156bd-fa2b-4df7-9c89-4d3970a6b5fc,2026-01-10
1546,1500,charge,133.2,card,success,01ab1df1-7cd2-4263-aea3-5df6f2193325,2026-03-17
1547,1501,charge,577.95,card,success,8271bbba-f96f-4a1b-a4b3-b66b51b795ed,2026-04-02
1548,1502,charge,284.6,mada,success,2dc58521-29c2-41f9-beeb-f53978731a4e,2026-05-12
1549,1503,charge,480.71,cod,success,ac482af2-6e98-4798-82ac-0d6d10c88179,2026-06-25
1550,1504,charge,940.86,apple_pay,success,dcadfda8-ece0-47bb-9835-9b4b4dfcf384,2025-09-04
1551,1505,charge,1667.76,upi,success,afdc8a51-a34c-4c78-97a9-9ae771757228,2025-10-03
1552,1506,charge,1363.83,cod,success,318f7980-2ec2-45a6-9293-23e289e10a5a,2026-01-29
1553,1507,charge,2252.76,card,success,3b576da7-c34a-4fa6-9bd4-87bbc75ee63d,2026-07-04
1554,1508,charge,2024.93,card,success,4e2da257-8074-41ed-8ea4-ae7336955a61,2026-05-17
1555,1509,charge,917.06,card,success,78ccd788-87c8-4346-8434-228151ec8f30,2026-04-06
1556,1510,charge,1253.45,apple_pay,success,ed7403c6-4cd0-432e-af4b-88ff1a58c6ae,2026-01-24
1557,1511,charge,2906.19,card,success,ac00cd5e-922d-4ba6-b5d5-b1199c09f0fe,2026-07-24
1558,1512,charge,1048.09,cod,success,31209ff4-2809-46a9-92e2-4a8e2793b627,2025-06-17
1559,1513,charge,323.74,cod,success,2bf998ad-c92a-4b0c-a56f-fbd8c4329e78,2026-09-14
1560,1514,charge,622.36,card,success,a99f8c03-9c31-4930-a86e-f693da341653,2025-10-14
1561,1515,charge,849.3,card,success,84372286-f4ea-4fa5-935f-d8d22839d888,2026-05-05
1562,1516,charge,338.7,mada,success,9860f848-a74b-4973-b949-54dbfb2cef68,2026-04-12
1563,1517,charge,2442.59,upi,success,b9f9d376-c79e-449b-aaba-8f0cc9eb6e3c,2026-08-16
1564,1518,charge,144.68,card,success,434a7e17-eece-45b3-ba8d-a12744f64bef,2026-07-28
1565,1519,charge,978.06,mada,success,d59dcbfa-db32-4207-af30-3fd078d3ca66,2026-06-22
1566,1520,charge,236.2,upi,success,4e653eee-251d-464e-9eec-2af44db9eacb,2026-07-05
1567,1521,charge,737.01,mada,success,d4488069-5a9b-43f8-ba09-a484556ed0d1,2026-06-06
1568,1522,charge,1150.77,upi,success,4eda31cc-7320-4e30-90ba-8eddbec6573b,2026-04-06
1569,1523,charge,465.96,upi,success,c33ffef7-64bf-4e8c-9033-89b46ce052ef,2026-05-16
1570,1524,charge,914.11,apple_pay,success,f0a30219-c321-4788-8173-c12e6ac89d70,2026-06-25
1571,1525,charge,538.96,cod,success,68a650ce-f7fb-48d5-8e28-a0886771dc17,2026-07-23
1572,1526,charge,1325.34,apple_pay,success,23d2789d-ce2c-4739-a552-abc65a86503a,2026-09-15
1573,1527,charge,3166.22,upi,success,46327360-c45d-4c03-b4f6-b97ef998aaa1,2026-03-17
1574,1528,charge,425.38,apple_pay,success,33c43cd1-b44f-4e12-918b-621e04fc9dd0,2025-03-30
1575,1529,charge,821.44,mada,success,418495a4-b777-4cb9-a97c-696b356766ec,2026-09-14
1576,1530,charge,1231.3,card,success,060fd3b6-5f9c-41f0-9522-1c404b77cf1c,2026-02-19
1577,1531,charge,628.46,card,success,61e561bb-ca79-4b30-ad70-881b52647c6f,2026-04-27
1578,1532,charge,1661.25,apple_pay,success,bd303739-8f5a-4787-8edd-8e22536019db,2026-08-04
1579,1532,refund,1661.25,apple_pay,success,9e1823a2-3708-4b7f-8c27-4beb330f4bae,2026-08-05
1580,1533,charge,1398.88,card,success,462270cb-db3d-419b-b0aa-999280c0e667,2025-10-14
1581,1534,charge,926.62,mada,success,2911268f-3e3e-47b3-930d-a4761b5982d2,2026-08-11
1582,1535,charge,570.48,card,success,f105c2d8-7acc-4c3b-b90c-a4475352db34,2026-07-12
1583,1536,charge,2936.67,mada,success,f3b93ebe-7849-43ff-97ca-eef5b8a4c19f,2026-07-09
1584,1537,charge,1711.48,cod,success,c7fe8dee-0bc6-471b-b25b-76a6f89c2ef6,2026-04-01
1585,1538,charge,922.17,card,success,f5b0fa1c-b013-4951-a3db-2b6da8cfa238,2026-06-18
1586,1539,charge,858.84,upi,success,3ff5ea79-7cae-4dfe-b4dc-70c6e8acd757,2025-04-21
1587,1540,charge,269.47,card,success,960b9746-9b51-4232-bca7-644d47b76d17,2025-11-14
1588,1541,charge,304.16,apple_pay,success,0e5d8626-19f7-4775-8f2f-633b60013e38,2026-03-13
1589,1542,charge,1314.89,mada,success,89b3889d-46aa-4714-97ba-a888a3beb445,2026-06-04
1590,1543,charge,595.72,cod,success,48c3a59d-ec71-42e7-b028-eb2d5e9432d6,2026-08-30
1591,1544,charge,292.12,card,success,e17f5e53-2260-4be8-b8ca-903b1c6c8382,2026-08-14
1592,1545,charge,147.7,cod,success,fa286316-5315-4a23-92f0-ed7dbff49c48,2026-08-20
1593,1546,charge,242.45,upi,success,d30606ae-69ed-4072-bb81-c774c67651b3,2026-09-24
1594,1547,charge,492.8,upi,success,96fdad96-2681-45bb-9fbb-3a4326da916c,2026-09-08
1595,1547,refund,492.8,upi,success,8fd48278-3332-43ab-92f7-70724c81cd72,2026-09-09
1596,1548,charge,499.68,card,success,53ed75f6-3ec7-4cca-b031-e2cd1687819b,2026-09-03
1597,1549,charge,1799.2,card,success,a9230810-c346-44f9-8bed-0104929ea405,2026-05-06
1598,1550,charge,1632.39,card,success,d13b3a4d-87f1-4ab5-8e82-373e42be7d36,2026-08-27
1599,1550,refund,1632.39,card,success,23f5aea6-0598-4489-b087-ab0e4a9a75f0,2026-08-28
1600,1551,charge,731.64,upi,success,dee7dad7-1168-4433-8518-8d4dc5a8646c,2026-02-06
1601,1552,charge,159.82,cod,pending,bd32ebda-b61e-4c80-b302-225ec930c9f3,2026-04-23
1602,1553,charge,988.04,card,success,5c798b20-da7a-4b4f-b50b-1168505fc360,2026-08-28
1603,1554,charge,709.9,upi,success,bf4d4bd8-7222-4838-85cf-dce6e7b4dcd3,2026-02-13
1604,1556,charge,483.51,cod,pending,523e901f-2f23-4d0c-b6fd-f910e2742d5c,2026-04-24
1605,1557,charge,788.87,card,success,5cb9635c-75f7-4b07-ba49-62d177e43d33,2025-08-30
1606,1558,charge,1076.08,upi,success,f8b03457-ad7b-43c5-b2f0-b15c554047fe,2025-09-23
1607,1559,charge,678.19,card,success,9a86a2f5-415f-4099-824f-8429b43d4bf9,2026-08-09
1608,1560,charge,1521.48,card,success,23e8bb05-05ec-447e-aec4-32d0bf660225,2026-08-04
1609,1561,charge,937.97,mada,success,6d658f44-6928-4f38-a469-db2c1e8343bf,2026-07-03
1610,1562,charge,498.53,apple_pay,success,cc5015cf-7c81-4d5a-8e5a-43726574708d,2026-03-06
1611,1563,charge,707.86,card,success,0f6eed31-8745-4d05-94e8-9dd00c4bc3d2,2026-05-31
1612,1563,refund,707.86,card,success,5f9c041d-8323-44b5-bd59-3fa4e9b9339e,2026-06-01
1613,1564,charge,162.0,upi,success,fee33607-6fec-4ac2-90d2-abfe0425c430,2026-04-04
1614,1565,charge,2537.85,apple_pay,success,df823a94-8114-4235-b5b4-aee10836a865,2026-07-06
1615,1566,charge,823.62,apple_pay,success,89ef698a-ca46-439f-93ba-dc3ecc5bf684,2026-09-19
1616,1567,charge,763.93,mada,success,5570cefc-9327-4b56-885b-841f7df45531,2026-07-08
1617,1568,charge,2510.75,card,success,135769cb-bc03-4aa7-912e-1621a266530e,2025-11-12
1618,1569,charge,2748.69,mada,success,8eec22a4-f966-49c2-9796-b7b190b7f26f,2025-08-08
1619,1570,charge,733.09,apple_pay,success,28815cd9-8821-4541-9cc1-fb5ec7d4a10f,2026-07-12
1620,1571,charge,456.25,card,success,d9fafbb9-d8a7-42cb-8374-c273cc707551,2026-04-10
1621,1572,charge,376.59,card,success,77ec2100-ec28-417a-92ec-c3bd16757d7e,2026-03-20
1622,1573,charge,543.06,card,success,30de0010-fe31-4408-a671-cd819c2b05eb,2026-09-20
1623,1574,charge,93.57,card,success,af178dbb-c461-4ac1-92b5-9aa4c07d0001,2026-06-30
1624,1574,refund,93.57,card,success,77391bee-46e0-4e7d-9158-71366e528655,2026-07-01
1625,1575,charge,295.54,card,success,fe8db353-e16b-4b8c-a3ac-d21a7387a600,2026-06-21
1626,1576,charge,1019.36,apple_pay,success,5497062b-a683-4a72-a6f6-ed64bd2af2c4,2026-08-21
1627,1577,charge,2107.86,upi,success,9341dd73-a5d8-4541-ae82-2ce612b1d17e,2026-09-14
1628,1578,charge,568.01,upi,success,c7f7040b-8718-4322-b43c-6de656fdc504,2025-05-05
1629,1580,charge,247.11,cod,pending,f2d1235d-d1f9-4f96-bd4d-28c8b14d53b0,2026-09-28
1630,1581,charge,2512.38,cod,success,66c67afa-057f-41df-a3af-85416eb194b8,2026-08-22
1631,1582,charge,1208.18,apple_pay,success,9faa2180-01a0-49a2-8b37-617d932204fb,2025-05-10
1632,1583,charge,355.24,upi,success,022f8a47-04d4-45db-a3d3-997fd4066625,2026-07-26
1633,1584,charge,389.37,upi,success,2686d5c6-6d59-4de7-9287-c72e39a8ab5e,2026-06-05
1634,1586,charge,463.84,card,success,9599b267-390f-416d-9b06-f07242442fce,2025-08-29
1635,1587,charge,1149.1,apple_pay,success,8849066e-539d-4223-848d-276cacae8af8,2026-08-29
1636,1588,charge,483.55,upi,success,3348eda0-aa57-46e4-a753-297e752f524f,2026-08-19
1637,1589,charge,1637.94,cod,success,ece42aa5-930e-4549-924f-7225c519fd78,2026-02-24
1638,1590,charge,1162.11,apple_pay,success,b703fa9f-e15c-4c37-a4ab-9bae5aca08f9,2025-03-14
1639,1591,charge,1276.67,apple_pay,success,30584d20-2711-4b60-93ac-d71bde03a536,2026-08-28
1640,1592,charge,1090.77,upi,success,4ef8a787-34c5-4d5b-a5f5-ed6fc5e2cdcc,2026-07-31
1641,1593,charge,1552.1,upi,success,888e58e7-06b6-45f4-99d4-5a552e7c77b0,2026-08-24
1642,1594,charge,1124.46,card,success,0a199083-d83e-462a-b1ca-680c9a178669,2026-02-10
1643,1595,charge,594.36,mada,success,5938949e-8a42-4ff0-a098-4689c78ae6ce,2026-09-29
1644,1595,refund,594.36,mada,success,dedcc2ff-53d4-4caf-91bb-797af464a31f,2026-09-30
1645,1596,charge,158.34,apple_pay,success,a87da2af-3ae8-460a-adaf-ea5450b9e04a,2026-04-08
1646,1597,charge,270.03,cod,success,29cd4d5c-4d8c-49c6-b3a2-b47b35746477,2025-11-25
1647,1598,charge,487.83,card,success,3ba4807e-4565-4d2d-bdb2-69e56c9dda26,2025-12-06
1648,1599,charge,66.0,card,success,c5b86c82-379c-441a-ab7d-2448efb18149,2025-10-20
1649,1600,charge,631.28,upi,success,e0acdb75-2326-43d0-86fc-e65a5af7dfe2,2026-08-19
1650,1601,charge,1478.01,upi,success,1f8424bd-708c-4f1a-b1c3-5294e61cf9a3,2026-07-08
1651,1602,charge,708.94,upi,success,06822e13-6007-47be-b2b1-068ad58b5423,2026-05-01
1652,1603,charge,783.56,card,success,daac1277-be73-41e9-9e16-a0ea71a6de48,2026-09-06
1653,1604,charge,399.44,card,success,0c994ec1-6162-4af8-b565-c8a2bd6aec56,2026-06-16
1654,1605,charge,606.06,card,success,32d9ec3e-6630-4af8-b044-9b5172624be8,2026-06-04
1655,1606,charge,1816.23,cod,success,97187943-6168-44a8-855f-30a134a450e3,2025-08-30
1656,1607,charge,124.33,card,success,f8205c5f-17c5-42e0-9fe9-048dd08308b0,2026-08-26
1657,1608,charge,694.65,card,success,940bb34d-e9cc-4dab-81b7-4f352cd3248d,2026-08-24
1658,1609,charge,1023.45,card,success,29b2b32c-1f27-4a2c-8439-1819b97a08ba,2025-11-13
1659,1610,charge,616.61,card,success,f0d1701b-1ecf-4d89-b5aa-d597c1b0f44b,2026-03-27
1660,1611,charge,670.46,card,success,5bbf785b-9ad7-4864-bd9a-b6d97d3635b9,2026-09-21
1661,1612,charge,1037.94,card,success,6a45d1e9-511f-4533-becf-c0dbbfeb32a4,2026-08-08
1662,1613,charge,769.38,cod,success,173e13d9-fc32-4db4-b5d8-053130e423e1,2026-04-29
1663,1614,charge,576.84,cod,success,7a5cd426-5c1f-4f7b-81c4-dda8ccbf1dfe,2024-12-26
1664,1615,charge,326.52,card,success,f1e4c27a-1cab-47e2-823c-794a415a53c1,2026-05-01
1665,1616,charge,213.06,card,success,614996d1-01db-40b4-8422-1bf274faebdd,2026-07-14
1666,1617,charge,2079.71,upi,success,f6295eb4-667a-4b91-ab86-08d1cdac6327,2026-07-06
1667,1618,charge,2183.35,upi,success,5c42adcf-5acc-416d-999d-ed5edb84aa96,2026-05-25
1668,1619,charge,1855.58,upi,success,10b7de33-d627-424e-8f5a-f64ef21b7a7f,2026-08-07
1669,1620,charge,392.76,card,success,a6e997ae-d909-4489-b229-29b66f246189,2026-08-29
1670,1621,charge,1135.16,upi,success,b382c1ae-ffec-44eb-bab7-42a14cfa4f8a,2026-04-18
1671,1622,charge,3345.43,card,success,cf674365-a4c1-4966-a682-c0fb159e9c9f,2026-02-17
1672,1623,charge,1391.4,upi,success,040ebf47-78ab-4513-a03d-b91863c279aa,2025-12-23
1673,1624,charge,215.73,cod,success,bac8f92f-4653-4bd3-b6d8-11eff388fef7,2026-09-05
1674,1625,charge,280.79,card,success,0b9d55cd-52c1-4256-a5b7-7f49a5b95c1a,2026-01-31
1675,1626,charge,2055.21,cod,success,2d675be3-3fbe-4756-98f0-2d4124074330,2026-07-05
1676,1627,charge,1053.77,card,success,84c469b1-20c1-4845-825f-c70f90884400,2026-09-01
1677,1628,charge,833.6,card,success,7845a524-b1f0-4f04-a3e5-7b5027dfc6e0,2025-09-09
1678,1629,charge,764.71,apple_pay,success,98a0db61-0fa9-4695-89fb-4d4bc3254bc3,2026-01-05
1679,1630,charge,663.68,cod,success,bd66c203-ddc8-4a37-b5b7-215ecd68cb39,2026-04-18
1680,1631,charge,834.92,card,success,9e181620-5f27-4ee1-8b07-9752a93429ae,2026-05-10
1681,1632,charge,628.46,mada,success,6b5341c0-2850-4932-92c0-8ee46a35567d,2026-09-19
1682,1633,charge,470.85,card,success,84c2f2c4-efb0-4e3b-acb5-0ab92c23b779,2026-05-10
1683,1634,charge,1612.63,cod,pending,cf35fdb9-bdf1-4708-a6c0-df52f71de9c5,2026-08-17
1684,1635,charge,135.72,card,success,5d7518d4-2e7e-4cef-ab2d-d056cf711c2c,2026-04-24
1685,1636,charge,930.13,apple_pay,success,c95bc917-1c01-460c-acc9-d15ae10b3781,2026-07-20
1686,1638,charge,498.14,card,success,343e623f-7f5f-4a4f-87ac-c717299152e6,2026-08-02
1687,1639,charge,826.94,upi,success,5f88fe99-a014-4ab9-a755-e34c4e5a4392,2025-10-01
1688,1639,refund,826.94,upi,success,9f35ba40-43e2-4caf-9767-a0d7e8b2f81a,2025-10-02
1689,1640,charge,455.36,card,success,069ccc0a-c884-4f88-874a-588f5231d2a5,2026-08-24
1690,1641,charge,874.1,card,success,7872d73f-e389-4caf-874b-927e54e28fa6,2026-03-06
1691,1642,charge,2131.2,cod,success,24f384ef-df3d-4d65-bc25-bce108c2d2ce,2026-02-10
1692,1643,charge,286.74,card,success,8a1b0744-0be7-4352-a85c-0862e9e02d8d,2025-10-10
1693,1644,charge,1589.46,upi,success,b8f73fad-9937-4931-8333-59b960857b5f,2026-05-09
1694,1645,charge,1585.83,cod,success,19a12723-287d-4f8e-ab74-18988673cf07,2026-08-08
1695,1646,charge,1481.12,card,success,3902d8a7-e5ae-488f-9942-339503d301cf,2025-07-27
1696,1647,charge,75.08,mada,success,10fab909-fcfa-4e61-ab7d-71bc17956e87,2026-06-04
1697,1648,charge,323.74,card,success,76e51a12-79c6-4757-b7fe-b7351cc6f0a0,2026-03-19
1698,1649,charge,512.23,upi,success,e5ecb9dc-db2c-44c0-aa42-79c3fbbe0e9d,2026-08-29
1699,1650,charge,795.34,mada,success,db5ed35a-2268-445f-b0bf-17838966f42b,2026-09-24
1700,1651,charge,1457.7,upi,success,002f4aee-a308-41ea-8f36-7c1b9a6ff965,2026-01-12
1701,1652,charge,302.23,card,success,e648d7ae-7830-4c6c-b9eb-17974fb9ef37,2026-03-13
1702,1652,refund,302.23,card,success,52a80809-20d1-4fc0-81c1-aee2e7235658,2026-03-14
1703,1653,charge,1144.46,card,success,f4f7bfdc-5d96-4459-8a3c-8743a80824f2,2025-12-16
1704,1654,charge,603.58,upi,success,18ad8eeb-b760-4067-ab1e-5b379d15844d,2026-03-18
1705,1654,refund,603.58,upi,success,d4c2459b-bfac-4af7-be28-40a17a506f60,2026-03-19
1706,1655,charge,601.55,apple_pay,success,2036971a-323f-4f19-923c-c117da1a9b09,2026-09-29
1707,1656,charge,315.02,apple_pay,success,ce31ce5c-213b-4241-83c5-9c143824c62b,2026-08-28
1708,1657,charge,48.38,cod,success,a8c1fb64-39bd-43ed-a481-2414f139dc4b,2026-09-18
1709,1658,charge,668.85,upi,success,b79ee140-1844-4abd-be41-635f150a5643,2026-07-12
1710,1659,charge,3142.62,mada,success,9d719800-e30d-4d83-8844-cc496761f64e,2026-05-04
1711,1660,charge,1026.61,upi,success,402bf495-39e9-46ef-bff1-80d21af03c73,2026-05-13
1712,1661,charge,408.35,mada,success,4d156c62-a8cc-4e3b-bae3-438e2f43b2f0,2026-06-25
1713,1662,charge,40.59,card,success,764f6842-f955-4aad-b5e0-bcbf5420d149,2026-09-03
1714,1663,charge,1561.74,mada,success,8453d803-8519-469e-973d-a9cbab196705,2026-09-30
1715,1664,charge,138.99,card,success,44482593-e232-4c25-bcd6-2aba93c1392f,2026-09-16
1716,1665,charge,432.88,card,success,53f42383-21b7-4e70-a647-bcfcc2886352,2026-08-23
1717,1665,refund,432.88,card,success,252d3404-a944-45e0-9ff0-f8eb6c0990b6,2026-08-24
1718,1667,charge,656.75,card,success,d9caa609-ef43-4b80-bc85-630c94517f78,2025-08-19
1719,1668,charge,205.42,apple_pay,success,ccbdd15e-e7f0-416e-bf78-bad808c2fd6f,2025-10-07
1720,1669,charge,3149.48,cod,success,cb505aa3-0c4a-4f81-a1c2-e70c629153bf,2025-09-21
1721,1670,charge,373.77,apple_pay,success,03aa96d2-2ea2-4aec-bac2-84dd32a95261,2026-03-31
1722,1671,charge,1212.43,cod,success,d5db677f-08bb-429f-a277-279b2498a9f2,2026-07-16
1723,1672,charge,1721.6,upi,success,65924c9f-2971-4f1f-bce2-6218cb763127,2026-04-28
1724,1673,charge,891.65,cod,success,7b142917-9274-46b6-82ff-975452917b6d,2026-07-31
1725,1674,charge,590.79,cod,success,30104525-5809-4249-9b90-f2327bdd41b3,2026-06-09
1726,1675,charge,652.91,apple_pay,success,f88505f9-d126-4905-9e99-3ecda0f35470,2026-08-10
1727,1676,charge,518.89,upi,success,fe2181fd-73bd-485b-a7d9-20b393c379fd,2026-07-14
1728,1677,charge,2158.3,card,success,43472a28-9f0e-470b-b404-7ec736ff812d,2026-07-18
1729,1677,refund,2158.3,card,success,beb5ba0f-1e29-44f1-b09a-dc958bbec119,2026-07-19
1730,1678,charge,758.25,card,success,83b5ad03-c4bd-43eb-a7cc-427447808b87,2026-08-21
1731,1679,charge,519.82,card,success,ff26cb58-5656-411d-965c-978aec83c4d7,2026-01-24
1732,1680,charge,1549.57,cod,success,574aa942-415a-41ff-afb2-a0d7e47ca3af,2026-05-03
1733,1681,charge,1035.59,card,success,c5a24d77-7cc3-4e98-9f39-7fa5ce96cc5e,2026-09-15
1734,1682,charge,2336.01,upi,success,18b47298-a9ca-403d-b4d1-20248c84c302,2026-03-21
1735,1683,charge,1475.65,mada,success,c3659e51-57a5-43b2-9b30-ddadab02e104,2026-01-22
1736,1684,charge,518.48,cod,success,c82e27a3-1028-4c78-834b-033d84e1f69e,2026-02-01
1737,1685,charge,110.23,card,success,068187e9-a46d-4b51-ad30-0e335d8c4fea,2026-08-16
1738,1685,refund,110.23,card,success,1836a027-2050-4d45-8b16-f0a7f6fa16a1,2026-08-17
1739,1686,charge,289.58,cod,success,d47ffd35-751a-4b9a-b99f-5c063a24de17,2026-06-18
1740,1687,charge,171.86,cod,success,b67333e0-8ceb-424f-9eca-85b31c7378e6,2025-11-30
1741,1688,charge,1005.03,card,success,58fde70b-df91-47d5-a055-25c64bb3e035,2026-09-21
1742,1689,charge,355.15,cod,success,8da4f916-6fa8-4369-b3db-49d04e998b76,2026-09-09
1743,1690,charge,1548.3,apple_pay,success,f75ef2cf-153d-4754-b086-424afbfbd9f9,2026-07-27
1744,1691,charge,46.33,upi,success,2ebfaf4c-8135-42e7-b8c0-0141ddf194d4,2025-03-29
1745,1692,charge,411.16,cod,success,e2b845b7-f0f5-4dc1-91ed-43ba65c65e05,2026-06-23
1746,1693,charge,499.45,cod,success,244700ca-31e3-460a-82ca-a526ffa0a1af,2026-03-12
1747,1694,charge,431.05,mada,success,c6a22085-38cb-405e-ae3a-1f32d70b1463,2026-07-14
1748,1695,charge,680.49,card,success,be9dd48c-bbc0-48ed-b2dc-80ee0447b659,2025-06-01
1749,1696,charge,1630.57,apple_pay,success,c7a9ff30-99d6-4609-868c-10055a9b9519,2026-08-28
1750,1697,charge,656.71,card,success,87d2e18f-dc24-4f84-9019-19b726da7a1c,2026-08-28
1751,1698,charge,544.13,mada,success,887cedb9-ccdd-46b3-8c07-e0e386695d31,2025-11-29
1752,1699,charge,593.64,mada,success,b195fa9f-3afd-499e-8a19-de1f5cd70899,2026-09-15
1753,1700,charge,991.5,cod,success,2ab05af8-87e7-49e2-bf46-d9d3f2794e8b,2026-06-30
1754,1701,charge,3024.94,upi,success,ae2e7dd2-19a2-4602-a8a3-d3a35fdd67bb,2026-07-12
1755,1702,charge,2750.12,card,success,dbe38b89-a262-4fd2-a289-499e2a6716d4,2026-09-04
1756,1703,charge,1738.29,card,success,ee3f0127-d7de-4f4d-b9ec-02ca9e4152f9,2026-09-19
1757,1704,charge,869.73,card,success,8a73483e-26ec-41dc-b751-68f6c0485d0b,2026-09-22
1758,1705,charge,199.07,upi,success,6c8c4bac-9c13-4aa7-b483-6de8f1337e7d,2026-08-01
1759,1706,charge,1233.11,upi,success,0c858238-4746-4fb7-b3c3-2015dbb93bf6,2026-09-19
1760,1707,charge,143.59,upi,success,669f9a4a-f2eb-4d5a-b819-fa11f584be73,2026-08-16
1761,1708,charge,87.44,upi,success,85915047-e6a5-47d0-a3c8-1fb94be730a1,2025-06-25
1762,1709,charge,1763.34,card,success,79fee842-e4cc-4065-abd7-f764f8d592a7,2025-06-12
1763,1709,refund,1763.34,card,success,b8b758b8-22d8-408b-9269-6eeb77cf1eb6,2025-06-13
1764,1710,charge,81.18,upi,success,132ab649-0017-4ca3-8ccc-5afef02a2956,2025-09-25
1765,1711,charge,3083.79,apple_pay,success,ab09ec62-8e46-4d8b-b555-d6ee40571cf3,2026-04-17
1766,1712,charge,103.88,cod,success,bbc41107-ec4d-4550-b570-f44d4fc55e4c,2026-01-20
1767,1713,charge,618.51,cod,success,111ac671-f593-4884-980f-65609cf540d9,2026-08-31
1768,1714,charge,130.23,card,success,23eaea4f-690e-4ee8-8152-caf60f29301d,2026-07-29
1769,1715,charge,1854.31,card,success,2906567d-d28b-429a-bb1e-5e1324cf8629,2025-05-30
1770,1716,charge,1018.29,card,success,f9f8f5f4-ce96-4887-b8db-37f6c3bc5ca7,2026-06-10
1771,1717,charge,475.39,card,success,642830f3-3e12-4f2b-ba74-ed0bf36ee0b7,2026-08-22
1772,1718,charge,249.18,upi,success,6b44312a-a565-4d41-a8d1-41dbc94bcc99,2026-07-27
1773,1719,charge,1273.66,cod,success,3fa27ffd-3180-4811-9767-10d764188dde,2026-07-28
1774,1720,charge,1605.03,cod,success,39ef20ea-120e-4c83-99b4-4b98d5969658,2026-07-29
1775,1721,charge,471.1,card,success,23f3e5c5-46b6-46ea-b2f4-f240f69e963d,2025-09-29
1776,1722,charge,2323.32,apple_pay,success,b9d9c1dc-1f9b-42b4-a6c4-ce9be483f4f1,2026-09-13
1777,1723,charge,411.61,card,success,ac1cfcfc-f1c0-46ba-95ff-7d9dbd5a0760,2026-08-17
1778,1723,refund,411.61,card,success,2474e10f-7181-40c2-b4b1-58aa26df6494,2026-08-18
1779,1724,charge,216.91,card,success,53d509af-c2b5-4c1b-8685-38bcac17cb47,2026-02-09
1780,1725,charge,124.93,cod,success,85475ee1-1e06-496a-a302-7b2102c1c269,2026-04-02
1781,1726,charge,684.08,apple_pay,success,c58b6161-1a44-4b3b-8634-a7cd4fa83870,2025-09-27
1782,1727,charge,1228.5,cod,success,3b7039b0-789a-4f00-9933-ca27a0e85f89,2026-06-17
1783,1728,charge,1435.91,card,success,d27e5846-4c7f-4cd6-b032-97d2a911610c,2026-03-14
1784,1729,charge,2432.06,card,success,9c2b4ca9-be2f-4685-8a8f-fb2c1ff71e8c,2026-08-21
1785,1730,charge,362.62,cod,pending,e1568c60-1205-49cc-a757-59a074516c96,2026-07-26
1786,1731,charge,2485.35,cod,success,b8525de3-e916-4e82-8116-8b7efa9f4841,2026-08-21
1787,1732,charge,2538.26,apple_pay,success,f311a3a1-45a8-4731-a00f-6ea257647ecf,2026-05-23
1788,1733,charge,484.75,card,success,d685b08b-61aa-489d-8a7d-1de0fceae86b,2026-09-25
1789,1734,charge,359.48,apple_pay,success,a07c68c2-1ce2-4c5b-8165-53a1e4203a34,2026-08-30
1790,1735,charge,1853.35,mada,success,2b1feecd-95c1-47e6-ad08-79b4776e3a29,2026-06-11
1791,1736,charge,1433.1,cod,pending,dd91cf6b-b102-4282-b5b2-e008e0516aaa,2026-05-12
1792,1737,charge,2779.45,cod,success,4a85fbd1-c22a-4772-bcbf-f645cb61716c,2026-07-25
1793,1738,charge,1087.86,card,success,16acb78e-1a61-4efe-85d8-cc0839819354,2026-04-04
1794,1739,charge,1915.05,upi,success,f5b127e1-9a72-4bf3-bb54-93e6ff630fac,2026-08-29
1795,1739,refund,1915.05,upi,success,3dc559fc-5cd0-494c-9d76-3717995b2485,2026-08-30
1796,1740,charge,850.99,card,success,7e99a2c2-aa37-44fb-9997-5545de8e7602,2025-11-07
1797,1741,charge,634.23,card,success,6eb6d54b-f697-4fbb-b39b-feb6d632919d,2025-02-01
1798,1742,charge,2155.85,upi,success,1aedbcfd-a357-44ea-8e80-c78a6bf2d5d9,2025-12-15
1799,1743,charge,1233.0,card,success,d7a29c6c-47bb-4bb0-851b-2775dd7b99a6,2026-08-19
1800,1744,charge,193.09,apple_pay,success,e79c797d-469f-4152-bb81-5c56b95b7efe,2026-01-27
1801,1745,charge,1906.16,cod,success,542e2e6a-8200-4972-a3e8-6f41406d7f7c,2026-06-22
1802,1746,charge,2103.96,cod,success,4051dbda-d617-42cb-aabf-1a086b6de0da,2026-07-18
1803,1747,charge,389.37,cod,success,034f2029-1545-4b48-9b4e-279bfbab907a,2026-09-10
1804,1748,charge,68.55,cod,success,7c4cec7d-ce55-454e-b68d-6f3819e3b84f,2026-08-01
1805,1749,charge,660.2,mada,success,38ace486-7eb6-40a9-95f5-f2ac3e247c2b,2026-01-14
1806,1750,charge,775.56,cod,success,44087701-aa66-40ed-af0b-5b2b97514f49,2026-02-21
1807,1751,charge,1532.3,card,success,d385d453-c7ea-4fd1-bf4f-38081a9d7acc,2026-07-05
1808,1752,charge,685.8,card,success,9b4cccb0-8f88-4e63-bce4-858eb5622984,2026-05-29
1809,1753,charge,133.34,cod,success,9b4bf636-6035-448d-90cc-7a42d660a275,2026-08-14
1810,1754,charge,528.7,cod,success,aae50490-ecdc-4b27-9ed2-1b1584db01dd,2025-11-03
1811,1755,charge,290.84,upi,success,1b98a0e3-9a06-4a93-8ac7-256b61f13c8c,2026-07-23
1812,1756,charge,822.31,cod,success,a48687d4-cb29-4e19-9694-a5279720b88f,2026-07-04
1813,1757,charge,324.56,card,success,184c4178-935c-41d1-993c-5319f43e075b,2026-07-05
1814,1758,charge,821.38,upi,success,3d15d3ee-c397-43ae-b77b-97421e12bbed,2026-08-14
1815,1759,charge,2318.14,upi,success,b5950807-ac30-411d-9482-e11e5c56e3aa,2025-10-04
1816,1760,charge,695.25,apple_pay,success,d0b66c10-6bfd-41bc-9a93-03eae75ec164,2025-09-20
1817,1761,charge,1135.94,card,success,0a349670-be8b-45f3-b7e1-c9a264cc7a90,2026-06-19
1818,1762,charge,1285.05,cod,success,70b3e6df-c9c3-4dd8-a5a7-970558e8f1db,2026-09-01
1819,1763,charge,1583.98,upi,success,dd088545-92c6-4b94-b5f3-405dda2bf1b7,2026-08-31
1820,1764,charge,723.84,card,success,6610ba20-f0b0-4031-898a-ef7285d3f3ee,2026-08-31
1821,1765,charge,714.36,mada,success,be901a64-a0cc-4d31-8e22-efcfd02b4c3a,2026-07-30
1822,1766,charge,630.42,mada,success,e8780458-ab48-406d-ae8a-457fc712cf67,2026-03-16
1823,1767,charge,330.33,upi,success,2e44d349-9122-4311-b74e-5dff06906169,2026-04-28
1824,1768,charge,243.88,apple_pay,success,5436deb3-f229-437b-a169-d799062e5424,2026-08-06
1825,1769,charge,488.23,card,success,69824369-ebb1-4253-8ad2-a7ba194b3b6e,2026-09-07
1826,1770,charge,1108.83,cod,success,74e5418d-baa3-40fa-8743-8e60cd4901c9,2026-04-06
1827,1771,charge,698.77,upi,success,5bcc7bfb-40e6-4eed-a414-f2c5d9743ff0,2026-05-08
1828,1772,charge,97.06,apple_pay,success,5a357945-5813-4496-aed9-dac5d18097f4,2025-08-22
1829,1772,refund,97.06,apple_pay,success,46d162d6-3faa-4fd6-b730-d07ef93c8285,2025-08-23
1830,1773,charge,979.44,mada,success,53133ea1-0c3c-400f-88a1-34aa722d8397,2026-04-05
1831,1774,charge,2327.34,mada,success,a282bbab-fdb0-4520-b2f8-81eb754ce511,2026-07-10
1832,1775,charge,2754.59,mada,success,291c9094-cb2c-4efb-84c3-b30d435f59e6,2026-09-29
1833,1776,charge,546.48,apple_pay,success,dd0d3739-c553-4b6d-8ef8-66193599fe91,2025-06-13
1834,1778,charge,955.18,mada,success,bd9ed3fc-5266-4d86-a5f6-21818c1a6477,2026-07-30
1835,1779,charge,2229.89,card,success,c7ed8888-5939-4c71-80d9-863f66bcf6f0,2026-05-31
1836,1780,charge,750.76,apple_pay,success,7ff5475c-d83f-4f4f-ac0b-fe69d0c29b24,2026-05-10
1837,1781,charge,598.26,cod,success,5a0fdf61-5571-4266-96c0-2601db4d2d18,2026-01-20
1838,1782,charge,1325.98,card,success,ce1eaeb5-bd67-4ba0-89c9-c0f39dcc91b0,2025-04-15
1839,1783,charge,1871.1,cod,pending,510861bb-3a42-468f-b745-75cdd6138a1e,2025-11-15
1840,1784,charge,952.38,upi,success,ea072198-19ee-4d26-8e4b-36aad4249390,2026-03-03
1841,1785,charge,231.92,card,success,67f3e4bf-a3b3-4be6-9726-9541b8d11a8f,2025-12-29
1842,1786,charge,366.66,card,success,a3b4a240-7f48-4536-9f2e-444a501bcf44,2025-12-10
1843,1787,charge,1406.98,apple_pay,success,33c00b7d-61f8-43f4-81ae-35bb2faa49dd,2026-09-02
1844,1788,charge,478.98,card,success,7c45d65d-b517-48ef-9b21-3e3143c2181f,2026-06-23
1845,1789,charge,611.19,upi,success,7011a2be-ce4f-4c66-9645-b6bb59c085a8,2025-11-23
1846,1790,charge,1258.11,cod,success,28c2783d-c138-498b-9c88-da6ee551da7a,2026-04-13
1847,1791,charge,74.99,mada,success,0413d049-52a0-428b-ab25-a58af5953b2e,2026-03-30
1848,1792,charge,304.94,card,success,4f7ebc54-94f3-4a1b-b096-0fbb1c89fe3c,2026-04-18
1849,1793,charge,1552.65,card,success,a46e47a2-b342-4968-8191-086be8a91aba,2026-02-11
1850,1793,refund,1552.65,card,success,8f56fffc-c1bb-4767-8bd4-01528f7bf6c2,2026-02-12
1851,1794,charge,3134.43,cod,success,9e541d3e-65e1-4146-ad8b-62b689cb09aa,2026-07-09
1852,1795,charge,1334.16,card,success,17e6ae99-32d8-4c29-9370-7fcbb21534f7,2026-05-31
1853,1795,refund,1334.16,card,success,ea299a22-9914-457d-b62f-b6ee172dc647,2026-06-01
1854,1796,charge,944.73,cod,success,da2a5b5f-6796-4bd9-a9c6-d4e3e07eaf26,2026-08-03
1855,1797,charge,1929.7,upi,success,5714fc0b-b744-4158-a550-e249436c3827,2025-09-25
1856,1798,charge,699.75,cod,success,220e674e-6591-499b-9a92-9d2788676641,2026-09-25
1857,1799,charge,352.21,card,success,d8528abb-1a87-4c25-a29f-1962ebd795f5,2025-11-26
1858,1800,charge,187.14,card,success,e05ff96e-d087-4c98-bc7d-0017f4c1540b,2026-09-29
1859,1801,charge,985.2,card,success,9d091856-4b3d-4578-8c69-a8cae32ffec3,2026-07-25
1860,1802,charge,3699.57,cod,success,52e6ef74-150b-41d8-b882-c32691f28485,2025-10-18
1861,1803,charge,248.66,card,success,d37d8533-714a-4ae0-b98e-1f36ffdb3a38,2026-06-16
1862,1804,charge,253.41,mada,success,27aedaae-8c48-43f4-bef3-89ba0a7016c8,2026-06-16
1863,1805,charge,460.83,cod,success,06bf79cf-4616-4d6e-be20-193baae2ad63,2026-05-28
1864,1806,charge,410.84,cod,success,b1f0b429-d54f-4d02-b976-c6377e9716ad,2026-04-27
1865,1807,charge,1920.45,cod,pending,e008e8ed-3ecf-4f0a-b80e-c19dfbb713fd,2026-09-29
1866,1808,charge,1060.98,card,success,cfc01fbc-a5dc-433d-b0bb-2a0e39d02b29,2026-02-12
1867,1809,charge,1247.47,cod,success,4bfaa29e-032d-496d-a537-68573749af64,2026-06-17
1868,1810,charge,406.97,cod,pending,db872c8f-0551-4102-b6ef-66e43e61d359,2026-04-15
1869,1811,charge,3348.96,cod,success,705f052b-d682-40b4-bbb7-cc429cba7bc6,2026-08-13
1870,1812,charge,94.78,upi,success,ff9558a3-8d1d-482e-8e6b-24396a1e5d9a,2026-06-16
1871,1813,charge,1224.99,card,success,2fa17fe6-698e-4981-b136-9512916e1089,2026-08-28
1872,1814,charge,306.93,cod,success,664d49fa-94b5-4339-84c1-1826d910498c,2025-03-25
1873,1815,charge,602.26,card,success,e6ffee2a-e37b-4f84-9351-240fa093ca68,2026-09-23
1874,1816,charge,510.98,mada,success,42f1287b-bf2d-4fcb-a319-3bf6faa855a6,2025-03-15
1875,1817,charge,130.3,apple_pay,success,5d2d113b-fb5e-4c15-8bfa-e8d6b4ed4d1d,2025-12-08
1876,1818,charge,342.66,cod,success,6e6aa3ec-4378-4e6b-8d3d-dee3cdad54f4,2026-04-05
1877,1819,charge,185.64,cod,success,ecedf328-e669-4d22-9d50-d2eb5ec74b9e,2026-09-24
1878,1820,charge,1826.7,card,success,8a55a14b-51f5-48f9-bc15-ae1fefda21b2,2026-03-30
1879,1820,refund,1826.7,card,success,b1757e7d-f545-452a-93b8-ec305b693697,2026-03-31
1880,1821,charge,1459.47,card,success,d3d39ff9-dc25-45f1-9258-7a1a226e1ecb,2026-07-06
1881,1822,charge,248.5,card,success,cba9a0f0-3f34-48a3-b3d2-c4a9fc7b427f,2026-09-26
1882,1823,charge,232.32,cod,success,18bc2e3b-20f6-48d8-9436-9f5d89cc6b08,2026-04-28
1883,1824,charge,1575.92,card,success,fc4a013f-c8c2-4cfe-aadf-eef6fb2389d3,2025-07-06
1884,1825,charge,374.19,apple_pay,success,890d58e5-79c9-4246-b556-aeac81e87e90,2026-05-27
1885,1826,charge,738.75,card,success,d387fcd8-cea8-4b7a-9ad4-ac13504089fa,2026-09-26
1886,1826,refund,738.75,card,success,592cfe25-b858-4203-ba52-b3839aa5bf18,2026-09-27
1887,1827,charge,593.51,card,success,f9fb722d-a51c-4d2a-b3bf-bdabb7b24f20,2026-09-13
1888,1827,refund,593.51,card,success,3955b110-fc2e-4301-9232-231d8dd7b77d,2026-09-14
1889,1828,charge,636.24,cod,success,d62c4be4-9302-45dc-84e5-eddd771d030f,2026-04-01
1890,1829,charge,620.93,cod,success,70184f95-9e6a-40fa-b5d2-36e30d9e9c48,2026-08-25
1891,1830,charge,907.58,apple_pay,success,108d692f-6fa9-457c-974f-e6687f441add,2026-05-14
1892,1831,charge,732.58,apple_pay,success,05a95733-2bdd-4419-beec-0074f4028e77,2026-08-27
1893,1832,charge,2873.24,cod,pending,a6789753-8f1a-4d4a-b2ce-d11f8f59748b,2025-10-23
1894,1833,charge,246.25,mada,success,7a0430c4-58fc-4448-a555-e0870ebb51ae,2026-09-10
1895,1834,charge,1391.48,mada,success,1053adba-25db-48d1-b4d0-aaeade19893e,2026-05-19
1896,1835,charge,1247.02,card,success,f46976af-10be-43e8-9aba-c34bae9802fa,2026-02-23
1897,1836,charge,68.55,upi,success,4083dcf3-91db-4fbc-86ad-dbe7b807c910,2026-08-16
1898,1837,charge,304.94,upi,success,070f48c2-ba4e-432f-a582-eba2f2859a73,2026-02-17
1899,1838,charge,633.48,cod,success,6e4ae071-7da5-4648-9905-6421b6af49df,2026-09-14
1900,1839,charge,141.66,cod,success,2223ab94-f157-4169-83ad-6ffdb4479e70,2026-07-18
1901,1841,charge,873.77,card,success,a96bc761-3717-4e45-a570-6108fc78090e,2026-04-20
1902,1842,charge,307.65,cod,success,b27c1721-89d4-4ce2-8f50-b59873bd980f,2025-09-27
1903,1843,charge,686.55,cod,success,3b895644-549d-43b5-8dfe-448cacb70476,2025-06-26
1904,1844,charge,295.65,apple_pay,success,82095583-e03f-4c17-8c65-037491e22c1e,2026-06-09
1905,1845,charge,1132.21,upi,success,c42c40ce-24ec-455d-a83a-755ef23e9b0b,2025-09-19
1906,1846,charge,959.42,card,success,963d4606-ae6b-49de-baec-fb4c8a240d57,2025-05-15
1907,1847,charge,1546.14,mada,success,f88c2664-01bc-475c-9cdc-23fc50805bbf,2025-07-17
1908,1848,charge,1239.93,card,success,c124b471-b64d-458c-8d8f-808d9c0e6192,2026-05-22
1909,1849,charge,1284.62,card,success,c64d8e70-1ea3-41e2-9662-f8835bbccb30,2026-09-07
1910,1850,charge,753.5,apple_pay,success,1049f904-9d25-4dc4-922d-ef06fa33dca5,2026-06-26
1911,1851,charge,456.92,card,success,2944e059-bafa-44da-a9e8-fe2a879f22eb,2026-07-18
1912,1851,refund,456.92,card,success,fad2fd69-3fb1-4376-b1d2-8c69bb88cfe7,2026-07-19
1913,1852,charge,671.35,cod,pending,fd55c844-c242-47c5-8613-71c199fd92a4,2026-06-12
1914,1853,charge,1195.36,upi,success,078c7f1d-2e65-4eb1-95f3-04a02de94792,2026-06-23
1915,1854,charge,1388.67,apple_pay,success,ba89eda3-7eb6-4f51-adc7-8d7ba63f89b5,2026-09-28
1916,1855,charge,217.04,cod,success,181af69a-16cf-4211-94f0-327b1e978ef7,2026-05-18
1917,1856,charge,992.67,card,success,b3700e92-92f1-4a69-a74f-6635f236b2ee,2026-08-28
1918,1857,charge,1968.83,card,success,ce0ed735-632f-4f79-af73-4c45f2f39f61,2026-02-01
1919,1858,charge,1542.82,mada,success,7972c629-b248-41dd-a19c-44966856c822,2026-07-24
1920,1859,charge,505.65,cod,success,2ed86804-57e2-4419-98e6-650123755bc8,2026-08-31
1921,1860,charge,696.28,card,success,2d6acdd4-5aeb-40f6-8faa-8036188a7f55,2025-08-09
1922,1861,charge,354.61,apple_pay,success,4083ff8f-e10a-4f9f-ae2c-219ab50f2f5c,2026-09-29
1923,1862,charge,310.64,cod,success,42b07e31-2f3f-4e11-973a-603d7feb25e2,2025-04-16
1924,1863,charge,303.11,card,success,59e849b6-3a05-47b2-b35a-ffe566c3f832,2026-01-26
1925,1864,charge,1119.52,cod,success,14e1aabd-a20c-44ba-a5b0-8e26fc52a468,2026-09-27
1926,1865,charge,768.21,cod,success,1812362f-c076-492d-b3a4-69a556f7e6bb,2026-07-04
1927,1866,charge,633.36,card,success,e119e331-0538-4bfd-81fd-1281861c2a6f,2026-07-04
1928,1867,charge,304.94,mada,success,8e9ff74a-fb65-43ea-8f97-33429b2d43a3,2026-09-23
1929,1868,charge,1879.49,cod,success,18720dc7-5f86-4f8b-aec6-16940f243491,2026-06-28
1930,1869,charge,1241.78,upi,success,fc31654d-f6ae-4936-8071-4e0f2b23ace0,2026-01-04
1931,1869,refund,1241.78,upi,success,53ad132c-0131-471e-8338-57e4877478d3,2026-01-05
1932,1870,charge,299.37,apple_pay,success,cccf4d37-0714-4da9-8e67-4f72627f34eb,2026-07-16
1933,1870,refund,299.37,apple_pay,success,5ff540ca-9038-4b45-916d-9a42e7b795f9,2026-07-17
1934,1871,charge,1385.0,mada,success,2c21f1ed-f4a9-45b0-91c3-7e19dbfeed4a,2026-08-20
1935,1872,charge,240.45,cod,success,7f8a1fca-9ef1-4e4f-a2f0-77e330405cc4,2026-08-01
1936,1873,charge,1589.41,cod,success,f9cc596e-37e7-4948-8903-c8c72e8992cc,2026-05-07
1937,1874,charge,1792.04,upi,success,aee4f488-df41-4155-98d2-bfd058622bb4,2026-09-17
1938,1875,charge,171.76,cod,success,5fc97e64-9987-4384-a798-879be9a11cc0,2026-05-01
1939,1876,charge,3291.36,cod,success,70d18e9e-e435-4335-ad4b-2c1392f0ae83,2026-07-19
1940,1877,charge,208.82,card,success,c5a0b7c3-e132-4e39-9891-b0a4b4d4813a,2026-08-29
1941,1878,charge,411.63,upi,success,d079fe4e-261b-447a-81e0-4baa2d701ddf,2026-07-06
1942,1879,charge,145.42,cod,success,9f40ce6a-07c4-48ba-b1f2-7f0fd1a9af91,2026-07-28
1943,1880,charge,1496.98,cod,success,e36345fc-899f-4cfb-af6f-5d6a09ed1c7c,2026-09-20
1944,1881,charge,410.84,cod,success,1ecadf24-f0d1-4a72-8b2c-7b1df5418b22,2026-08-23
1945,1882,charge,267.86,cod,success,ef5e4a66-4fc9-4cd0-af2a-dff8cea4f9c4,2026-05-04
1946,1883,charge,647.37,upi,success,aedb3046-595b-4abc-9b97-23324a9b37f0,2026-01-24
1947,1884,charge,631.43,cod,success,2ad9c360-84bb-4f7a-9711-35452e2fcae7,2026-02-14
1948,1885,charge,666.05,cod,success,3172e9f8-7f66-4f24-9987-5a42e675835a,2025-10-11
1949,1886,charge,128.52,card,success,9cfa2010-ff51-4c96-a7be-a2b29a7f326f,2025-02-27
1950,1887,charge,1349.55,apple_pay,success,74650ff9-f014-4b87-965f-a125eb85105d,2025-07-28
1951,1888,charge,1673.19,card,success,d4eee313-8c48-4218-a892-ab6fedb92750,2026-09-04
1952,1889,charge,793.71,cod,success,f1aab637-72ab-47ff-88b8-547b638b66ac,2026-06-09
1953,1890,charge,968.4,apple_pay,success,10c238ba-8df1-463a-ab30-41841dcb2fbf,2026-07-15
1954,1891,charge,1070.76,mada,success,243191eb-5d9e-4717-bf08-6a9e569db57e,2025-04-20
1955,1892,charge,225.0,cod,pending,7da2fb48-d14d-4890-b5db-ed2c3d4caf01,2026-05-07
1956,1893,charge,296.74,card,success,0aa5aaf2-677f-43b8-8b47-1eca30370fff,2025-12-06
1957,1894,charge,985.78,apple_pay,success,fb7b00c7-eaa6-4c45-8f01-fe855bbaf3ac,2026-04-22
1958,1895,charge,431.46,card,success,d7f64255-cf97-4ff0-bafd-0718ebced334,2026-09-14
1959,1896,charge,1897.98,cod,pending,c12e3882-b527-4a0a-a8df-7aa5e8e00199,2026-06-02
1960,1897,charge,1378.71,card,success,d907ba3f-1949-4b8a-9754-81a3d6ccc7cd,2026-08-21
1961,1898,charge,2041.02,upi,success,a7a13e62-a9db-4628-9748-ba0185147bc9,2026-08-17
1962,1899,charge,169.05,cod,success,90208d23-86ff-46f2-a970-1e00520fc3e7,2026-06-06
1963,1900,charge,423.23,card,success,858c5992-882c-4812-b3c3-c4289338e35d,2026-02-12
1964,1901,charge,737.72,cod,success,a4a8a844-8bdf-4208-81c5-bc8b64e94d6a,2026-08-26
1965,1902,charge,113.37,cod,success,22ae8888-5200-41ca-8855-f44a33704903,2025-11-25
1966,1903,charge,652.44,mada,success,4aff5eee-32b2-4952-8376-37d672a9dfa1,2026-01-08
1967,1904,charge,287.18,card,success,677c25b0-6d23-4155-a057-c558f1ba308e,2026-08-08
1968,1905,charge,2357.76,cod,success,7d8f2305-1517-403e-a087-75a56f654201,2026-07-08
1969,1906,charge,1046.75,apple_pay,success,524ec63c-1ab4-4e05-bdc1-dda00619feb0,2025-09-14
1970,1907,charge,2369.21,mada,success,6388f6dc-9c12-43c9-bbee-45828fae46a9,2026-08-23
1971,1908,charge,1109.17,upi,success,c94ee2f0-fe06-4b4e-bf63-abb84e4f4dd0,2026-08-12
1972,1909,charge,1139.11,cod,success,af1e0ecd-c555-430a-8985-8ab5c54f447e,2026-04-17
1973,1910,charge,1145.25,apple_pay,success,d4cd45a9-870d-4661-8e1c-0d4db2eb3819,2026-02-28
1974,1911,charge,2884.08,card,success,16d4fdff-f260-4a26-b025-f0410aa86e33,2026-06-04
1975,1912,charge,162.06,upi,success,bf733026-9664-4ca5-a460-2d314e9f67a7,2025-12-05
1976,1912,refund,162.06,upi,success,2c613d5c-8af4-4753-923f-128ee67882ae,2025-12-06
1977,1913,charge,37.54,cod,success,0c46d8be-bd3f-4354-904b-9abba41425de,2025-12-12
1978,1914,charge,615.6,cod,pending,f77e1ee6-0c15-4b28-8728-971988c75e8a,2025-12-11
1979,1915,charge,3619.82,cod,success,5a0d4f8c-3030-4e86-a288-e5da4d8ddd2d,2026-05-11
1980,1916,charge,743.25,cod,success,d2e106a4-0d6c-4599-89aa-e145f6d4f767,2026-07-24
1981,1917,charge,243.44,mada,success,6f0dc87b-dfab-44e2-af25-762cd34d09ae,2025-08-22
1982,1917,refund,243.44,mada,success,d96688c9-8623-481e-8224-da50bd10f69f,2025-08-23
1983,1918,charge,517.79,upi,success,ae5ec1fc-5eee-4114-823d-269c2da46bc5,2026-07-18
1984,1919,charge,525.07,cod,success,36e90637-e921-46db-8b72-d0efb2fdaa38,2026-09-25
1985,1920,charge,632.06,card,success,2f8a637d-f330-4c59-b50d-456e19412cae,2026-07-26
1986,1921,charge,2929.8,cod,pending,51ffdef6-b660-4a31-b8b8-9fc4e47172b1,2026-05-08
1987,1922,charge,492.6,upi,success,7eca5b2d-341f-4b4a-b6ca-f84012adbc1b,2026-04-06
1988,1923,charge,797.93,cod,success,9ceeaf74-a3f2-43db-9236-948e34ecb64f,2026-02-05
1989,1924,charge,1054.49,apple_pay,success,61a93ecf-ec0d-49ba-8b94-729c03fde24e,2026-07-01
1990,1925,charge,99.45,cod,success,1dc7deab-b07b-44ed-a67b-6ad334be5f01,2026-07-14
1991,1926,charge,729.43,cod,success,e7867bbf-0136-4f98-8a5a-62d3ec9fba0a,2025-06-24
1992,1927,charge,294.28,upi,success,ea4d7ed8-d04a-402a-a8db-2a2c3d8a0701,2025-06-25
1993,1928,charge,1407.54,mada,success,2d53a810-fc01-446c-94ac-13ced4d05762,2025-03-29
1994,1929,charge,600.2,cod,success,3a769378-d39a-4c87-a3d1-8504fcb1a281,2025-08-21
1995,1930,charge,1315.65,upi,success,66e6c48a-d679-4ab4-aae6-c3da5f2d38b8,2026-04-21
1996,1931,charge,402.13,cod,success,9947c98a-2444-4277-a7ea-f6650b752e49,2026-08-04
1997,1932,charge,523.8,card,success,42186e6d-ab24-474a-9f2b-e8ba3f05344c,2024-12-26
1998,1933,charge,385.53,upi,success,ae2e69e2-6c3f-4800-ac13-d7c3e1c72223,2026-09-19
1999,1935,charge,128.85,cod,pending,e6ef3a0b-dd1e-4932-b5cd-dc34920ee451,2025-09-23
2000,1936,charge,994.72,upi,success,f0b5b7b3-3472-459e-8f4b-1252a04e03d7,2026-07-04
2001,1937,charge,1898.1,card,success,e9ea9d49-bc94-446e-a741-0d2ce0f13db6,2025-11-25
2002,1938,charge,996.44,card,success,029e435d-b0b6-45da-a8c1-8df945ca17af,2026-09-03
2003,1939,charge,651.45,upi,success,608bb508-69e4-4d26-92d4-7ec76a77982b,2026-07-30
2004,1940,charge,1332.13,card,success,3082d7e6-e6ac-4778-97b6-e0a34730b04b,2026-07-10
2005,1941,charge,59.16,mada,success,40e07e0f-7cfb-4186-877b-4fffd114dda1,2026-09-06
2006,1942,charge,852.89,apple_pay,success,b149324b-a064-4c2a-82ab-856599a2186f,2026-03-10
2007,1943,charge,257.7,card,success,c46268d6-b22d-4bfe-8ab3-5cb1653d6c17,2026-07-24
2008,1944,charge,959.4,cod,success,b08307e1-a9b7-41f5-a0fe-d1f372fa10f7,2026-07-26
2009,1945,charge,160.56,card,success,1d480843-a339-4f8e-920d-e24a3914dce2,2025-09-20
2010,1946,charge,1948.87,mada,success,ca8b6e4c-e6f7-43d4-a8af-3b731d82e2a8,2026-07-05
2011,1947,charge,1422.26,upi,success,8974e16a-2ef0-463c-9106-2a357d10bf9f,2026-04-26
2012,1948,charge,428.06,mada,success,bd76bb2f-f189-4bad-aad8-8bca53cf14e1,2026-04-23
2013,1949,charge,651.88,cod,success,b70bc594-ae4f-445f-b48f-ab0641a9edd3,2026-09-27
2014,1950,charge,35.84,upi,success,48e918f9-65f0-4b99-b1ec-c7c2ee3d114e,2025-10-03
2015,1952,charge,2426.82,cod,success,db029414-48e2-4a53-8954-105b89485754,2026-08-20
2016,1953,charge,547.59,mada,success,c2d031ad-1bc6-429e-82f1-9c7b91f29ea4,2026-02-06
2017,1953,refund,547.59,mada,success,e2b6a842-d2a8-4922-a518-93471e910b71,2026-02-07
2018,1954,charge,858.5,card,success,16251089-f340-46f1-b3be-8942e24f908a,2026-06-29
2019,1956,charge,1416.64,mada,success,3366da87-7f7a-478c-98b1-3a9d8e041844,2026-09-05
2020,1957,charge,130.45,apple_pay,success,092351d9-fedc-4b65-84aa-6e12208a9c4f,2026-01-07
2021,1958,charge,1528.23,cod,success,1c852510-1bfd-4626-ba93-ef0e780d90b6,2026-06-23
2022,1960,charge,581.12,mada,success,63582706-d545-4254-89bc-6a803a887bed,2026-03-31
2023,1961,charge,1523.36,card,success,b190dea4-c335-49e5-9567-55f42f39f8c8,2026-07-16
2024,1962,charge,967.43,cod,success,6f9a544a-3de3-42e9-9141-26afce70d3f7,2026-06-09
2025,1963,charge,835.46,card,success,bd0443f0-7027-41f1-9ef3-6d4d9d85aa72,2026-06-13
2026,1964,charge,1007.1,upi,success,c4e57a92-98d5-46b9-b128-7916248bd5aa,2026-06-13
2027,1965,charge,419.03,upi,success,80ed319c-ef01-4e79-a9b2-4a990a8260b6,2026-08-28
2028,1965,refund,419.03,upi,success,c4bfa424-3060-4ccf-b979-549bc44c5c78,2026-08-29
2029,1966,charge,323.74,cod,success,0b33b7a0-5163-4a91-b993-b65f35ded447,2025-09-02
2030,1967,charge,726.79,mada,success,27180985-f2d6-418c-83a3-574a919cf735,2025-09-07
2031,1967,refund,726.79,mada,success,40349202-f34e-4ba1-9c07-605e57628c84,2025-09-08
2032,1968,charge,169.02,cod,pending,7647f43f-59a1-4829-acef-781debfdb100,2026-08-25
2033,1969,charge,413.59,cod,success,0e721365-a4e6-4afd-a6cc-d201335dc080,2025-07-30
2034,1970,charge,1598.44,card,success,f262e145-2731-460c-a149-ee42642d03af,2025-01-08
2035,1970,refund,1598.44,card,success,39a90a45-104b-4372-816e-a5c24ab3c590,2025-01-09
2036,1971,charge,221.51,cod,success,55fccc14-31c0-44f0-a091-129b2f1835b1,2026-02-03
2037,1972,charge,1042.76,card,success,067ab1d7-7059-4387-b89f-52d2a8737d14,2025-12-12
2038,1972,refund,1042.76,card,success,d7ea8625-11c3-438b-b0c6-9b42df0ff647,2025-12-13
2039,1973,charge,363.9,card,success,49adb07b-874f-4c5c-9a06-64b93eeb2f03,2026-05-29
2040,1974,charge,291.18,card,success,8c1046bf-24b3-4794-a93d-b7fa8e8ded45,2026-02-10
2041,1975,charge,2153.6,upi,success,1c82780f-0e84-4070-914b-30a9f6d4461c,2025-10-23
2042,1976,charge,705.69,card,success,849ebfa5-68f0-4a5d-90ac-72bdaf4c9dfc,2026-05-14
2043,1977,charge,1944.42,card,success,b87189e1-9e5b-4abf-8478-608888c62a79,2026-09-29
2044,1978,charge,180.3,card,success,52581086-eecc-4487-b95d-43d62b7f90a5,2026-05-20
2045,1979,charge,1125.78,mada,success,e6c9fd54-24bb-4796-89d6-8cdc5ed0b58c,2026-05-25
2046,1980,charge,468.48,upi,success,0182c481-3bd1-4558-af2f-5f8b1a9226d6,2026-05-31
2047,1980,refund,468.48,upi,success,0ef473a2-900d-4f16-80e0-32006197337c,2026-06-01
2048,1981,charge,917.15,mada,success,9123f2c5-c4c9-4949-a334-fca6d04f0a71,2026-04-22
2049,1981,refund,917.15,mada,success,c31dfb91-397a-4433-9b64-8ca71ea0dd2d,2026-04-23
2050,1982,charge,781.97,mada,success,8bab4c1b-904a-4134-8902-8dd7a0d763f0,2026-05-26
2051,1983,charge,1043.32,cod,success,d2f18f28-a61b-4c7d-8511-2d7f12ecaf24,2026-05-20
2052,1984,charge,1396.5,card,success,924d4a86-efed-4e52-b9f7-3374e92af09b,2026-04-10
2053,1985,charge,2959.83,card,success,af8422cc-484f-4a28-a2d4-7bffa510f7b4,2025-05-18
2054,1986,charge,388.02,card,success,e9058f29-731d-46ec-a303-2bd49db564b5,2026-09-26
2055,1987,charge,408.87,upi,success,7d957e47-aed1-4cec-bcd7-e0eabf817a17,2026-01-06
2056,1988,charge,455.74,cod,success,fae9df3f-585b-4128-8002-c5eb9cd3e931,2026-01-10
2057,1989,charge,554.8,card,success,7aa83419-7479-4994-a2fe-9cb4fcec1791,2026-04-09
2058,1990,charge,2569.62,upi,success,7447f8a1-2734-4be8-a609-2042eb5f8944,2026-08-28
2059,1990,refund,2569.62,upi,success,394d9156-5c31-4125-a123-433f895517ec,2026-08-29
2060,1991,charge,522.62,mada,success,bb2168c4-a318-4a65-896f-e30824f7e239,2025-12-27
2061,1992,charge,114.59,card,success,63719357-f7a5-4f8d-b689-c4c22ca26887,2026-08-07
2062,1993,charge,660.48,card,success,290a8303-e1c6-47c2-81d8-93a5ffc7aba2,2026-07-22
2063,1994,charge,880.2,apple_pay,success,6e8649f1-055c-42ad-bd71-017f5e3a5dad,2025-03-11
2064,1995,charge,332.43,apple_pay,success,0ae4e096-24dc-4ee5-8cc3-78c3ce3200af,2026-08-06
2065,1996,charge,851.17,cod,success,e13ae6f4-b5ef-418b-a90e-1a7e75be1ba7,2026-05-30
2066,1997,charge,978.69,card,success,fccc1a7d-3a1b-4a9c-9a07-f08e8a9fa5a1,2025-11-26
2067,1998,charge,1018.95,cod,success,a0624c48-d713-4c2e-a001-965b66f89b87,2025-07-28
2068,1999,charge,824.09,upi,success,67e2020e-f11f-4e97-b546-1a1c5a5a5dac,2026-07-28
2069,2000,charge,1082.21,cod,success,75e8abfe-6af0-4106-a235-09a86bcfdfa4,2026-07-01
2070,59,refund,991.5,card,success,f3cecaaf-71a2-46c1-b3ca-b4e3bbc3553b,2026-03-21
2071,508,refund,60.1,cod,success,567a25f8-5d12-490e-b6a9-0f786370fda9,2026-08-08
2072,1808,refund,1060.98,card,success,2213cdad-661d-4354-aa55-e9af537574b0,2026-03-01
2073,1062,refund,492.5,apple_pay,success,3efa528c-34b6-49da-87a9-efafb92ab1b7,2026-09-19
2074,168,refund,506.4,card,success,9181c8a2-30e3-4645-b66c-4a03378aa526,2025-12-07
2075,1941,refund,59.16,mada,success,bab3d9a3-dfa4-46da-b2b0-74a331d16ea8,2026-10-01
2076,1358,refund,1221.94,mada,success,5d08c254-9e6e-4c9c-88bc-7784a8c99656,2026-07-13
2077,1411,refund,243.88,upi,success,dcc8c801-8c57-4243-b69f-ce1ae67d9f00,2025-11-20
2078,1433,refund,69.34,card,success,5ff3fbbf-6880-434f-8ac5-a4c6c393f806,2026-10-01
2079,1888,refund,539.1,card,success,64907a63-36a8-453d-8e90-ee87a4dd2fe1,2026-10-01
2080,1056,refund,407.16,apple_pay,success,8af6d268-1bd0-4f9b-b861-2769242e4cff,2026-01-26
2081,1091,refund,309.6,cod,success,e798d9bf-4ce1-4a16-b3cb-3b3fa6f90864,2026-09-21
2082,866,refund,266.8,card,success,debf96d3-c64a-48bf-b4aa-e84ad5382419,2026-02-28
2083,1874,refund,679.33,upi,success,330c8461-0d06-4891-a980-8e3c9fa3fe4b,2026-10-01
2084,1559,refund,530.49,card,success,e3d21a33-8d3b-41df-9672-67353798fc80,2026-09-07
2085,1763,refund,321.12,upi,success,efe739dd-6260-4cbe-a8de-eb1c281ec259,2026-10-01
2086,478,refund,34.67,cod,success,f1758208-2e29-4386-ae89-6265847aefa5,2025-03-09
2087,956,refund,326.64,upi,success,34da1f50-b1a7-4e09-861a-1396716728ee,2026-02-12
2088,113,refund,429.01,cod,success,2c1e86bb-aac0-46bd-9140-a95d62cef959,2026-10-01
2089,301,refund,486.84,card,success,ae3dc742-bef8-404b-bbcf-57d745f84c5d,2026-10-01
2090,211,refund,1158.86,cod,success,a4282ec4-27e6-487b-84ec-ea3290389f81,2026-10-01
2091,164,refund,1175.56,cod,success,cd03a402-c827-47c0-9337-bb3466e1608e,2026-04-20
2092,606,refund,1158.86,card,success,510588a9-694a-48b3-a693-2d9532a3a8fb,2025-09-07
2093,1548,refund,25.86,card,success,bd0c1656-de37-4877-bee6-187277f4d7f9,2026-09-28
2094,545,refund,260.83,card,success,7c976337-ee66-4fd2-833b-14ed216c0ed0,2026-02-25
2095,148,refund,52.03,cod,success,c36db2ec-eeda-49bc-9c40-6cbe50f370af,2026-06-15
2096,1705,refund,168.55,upi,success,a0ca381c-bc3d-468a-87d4-9f499cc15301,2026-08-25
2097,728,refund,1072.92,upi,success,18d939eb-ad1a-4fd5-8909-8704e03c119a,2026-05-29
2098,2001,charge,354.61,apple_pay,success,b78bf29d-0ccc-45c6-b5d0-ea433baada26,2026-09-29
2099,2002,charge,1007.62,mada,success,a01d9aeb-5206-4f1c-a30b-f0db1454578f,2026-03-14
2100,2003,charge,731.64,cod,success,d14b049b-79de-46cb-b150-c32387826633,2025-06-17
2101,2004,charge,307.65,cod,success,7ecc0177-fce8-43f0-b54f-0f8a32823c8a,2025-09-27
2102,2005,charge,1215.12,cod,success,781e2d35-2fa1-42bc-b4ce-5f319aff48af,2026-07-26
2103,2006,charge,1481.12,card,success,9780fe9b-ad18-4723-bb47-d3a449be8766,2025-07-27
2104,2007,charge,2026.44,upi,success,7148c007-0faf-46b4-9c63-df5edd712dc5,2025-10-25
2105,2008,charge,747.89,card,success,145deec7-019d-412d-81f1-0d042f576e77,2026-03-13
2106,2009,charge,79.63,card,success,43651cb8-329d-4f9e-b964-8a0f2d0490a7,2026-02-18
2107,2010,charge,1598.44,card,success,934fa5c8-8ac0-48d3-a0d0-2f5a24d6281f,2025-01-08
